uwi,formatted uwi,tvd top depth (m),tvd bottom depth (m),tmd top depth (m),tmd bottom depth (m),formation name
100010105720W500,100/01-01-057-20W5/00,1859.9,1934.41,1861.2,1936.1,LEA PARK FM
100010105720W500,100/01-01-057-20W5/00,1934.41,2059.56,1936.1,2061.5,COLORADO GRP
100010105720W500,100/01-01-057-20W5/00,2059.56,2132.99,2061.5,2135.0,BADHEART FM
100010105720W500,100/01-01-057-20W5/00,2132.99,2150.88,2135.0,2152.9,CARDIUM FM
100010105720W500,100/01-01-057-20W5/00,2150.88,2179.27,2152.9,2181.3,CARDIUM SD
100010105720W500,100/01-01-057-20W5/00,2179.27,1000000.0,2181.3,1000000.0,BLACKSTONE FM
100010205720W500,100/01-02-057-20W5/00,1834.0,1907.0,1834.0,1907.0,LEA PARK FM
100010205720W500,100/01-02-057-20W5/00,1907.0,2034.0,1907.0,2034.0,COLORADO GRP
100010205720W500,100/01-02-057-20W5/00,2034.0,2110.0,2034.0,2110.0,BADHEART FM
100010205720W500,100/01-02-057-20W5/00,2110.0,2129.0,2110.0,2129.0,CARDIUM FM
100010205720W500,100/01-02-057-20W5/00,2129.0,1000000.0,2129.0,1000000.0,CARDIUM SD
100010806021W500,100/01-08-060-21W5/00,1435.39,1517.07,1435.39,1517.07,PUSKWASKAU FM
100010806021W500,100/01-08-060-21W5/00,1517.07,1618.08,1517.07,1618.08,COLORADO GRP
100010806021W500,100/01-08-060-21W5/00,1618.08,1634.85,1618.08,1634.85,BADHEART FM
100010806021W500,100/01-08-060-21W5/00,1634.85,1673.38,1634.85,1673.38,MUSKIKI FM
100010806021W500,100/01-08-060-21W5/00,1673.38,1702.94,1673.38,1702.94,CARDIUM FM
100010806021W500,100/01-08-060-21W5/00,1702.94,1747.53,1702.94,1747.53,CARDIUM SD
100010806021W500,100/01-08-060-21W5/00,1747.53,2077.31,1747.53,2077.31,KASKAPAU FM
100010806021W500,100/01-08-060-21W5/00,2077.31,2125.19,2077.31,2125.19,BASE FISH SCALES MARKER
100010806021W500,100/01-08-060-21W5/00,2125.19,2131.79,2125.19,2131.79,VIKING SANDSTONE
100010806021W500,100/01-08-060-21W5/00,2131.79,2150.34,2131.79,2150.34,HARMON MBR
100010806021W500,100/01-08-060-21W5/00,2150.34,2364.91,2150.34,2364.91,SPIRIT RIVER FM
100010806021W500,100/01-08-060-21W5/00,2364.91,2388.12,2364.91,2388.12,WILRICH MBR
100010806021W500,100/01-08-060-21W5/00,2388.12,2403.0,2388.12,2403.0,BLUESKY FM
100010806021W500,100/01-08-060-21W5/00,2403.0,2478.16,2403.0,2478.16,GETHING FM
100010806021W500,100/01-08-060-21W5/00,2478.16,1000000.0,2478.16,1000000.0,CADOMIN FM
100011105720W503,100/01-11-057-20W5/03,2224.0,2480.5,2224.0,2480.5,SECOND WHITE SPECKS
100011105720W503,100/01-11-057-20W5/03,2480.5,2518.0,2480.5,2518.0,BASE FISH SCALES MARKER
100011105720W503,100/01-11-057-20W5/03,2518.0,2539.0,2518.0,2539.0,VIKING SANDSTONE
100011105720W503,100/01-11-057-20W5/03,2539.0,2545.0,2539.0,2545.0,JOLI FOU FM
100011105720W503,100/01-11-057-20W5/03,2545.0,2766.0,2545.0,2766.0,MANNVILLE GRP
100011105720W503,100/01-11-057-20W5/03,2766.0,2781.0,2766.0,2781.0,BLUESKY FM
100011105720W503,100/01-11-057-20W5/03,2781.0,2844.0,2781.0,2844.0,GETHING FM
100011105720W503,100/01-11-057-20W5/03,2844.0,2858.0,2844.0,2858.0,CADOMIN FM
100011105720W503,100/01-11-057-20W5/03,2858.0,1000000.0,2858.0,1000000.0,FERNIE GRP
100011905518W500,100/01-19-055-18W5/00,1240.0,1600.5,1240.0,1600.5,BELLY RIVER GRP
100011905518W500,100/01-19-055-18W5/00,1600.5,1708.0,1600.5,1708.0,LEA PARK FM
100011905518W500,100/01-19-055-18W5/00,1708.0,1812.5,1708.0,1812.5,COLORADO GRP
100011905518W500,100/01-19-055-18W5/00,1812.5,1876.5,1812.5,1876.5,BADHEART FM
100011905518W500,100/01-19-055-18W5/00,1876.5,1904.0,1876.5,1904.0,CARDIUM FM
100011905518W500,100/01-19-055-18W5/00,1904.0,1000000.0,1904.0,1000000.0,CARDIUM SD
100013505419W502,100/01-35-054-19W5/02,1639.73,1751.72,1639.73,1751.72,LEA PARK FM
100013505419W502,100/01-35-054-19W5/02,1751.72,1932.84,1751.72,1932.84,COLORADO GRP
100013505419W502,100/01-35-054-19W5/02,1932.84,1960.0,1932.84,1960.0,CARDIUM FM
100013505419W502,100/01-35-054-19W5/02,1960.0,1988.72,1960.0,1988.72,CARDIUM SD
100013505419W502,100/01-35-054-19W5/02,1988.72,2115.09,1988.72,2115.09,KASKAPAU FM
100013505419W502,100/01-35-054-19W5/02,2115.09,2326.0,2115.09,2326.0,SECOND WHITE SPECKS
100013505419W502,100/01-35-054-19W5/02,2326.0,2362.0,2326.0,2362.0,BASE FISH SCALES MARKER
100013505419W502,100/01-35-054-19W5/02,2362.0,1000000.0,2362.0,1000000.0,VIKING SANDSTONE
100021705518W500,100/02-17-055-18W5/00,1545.0,1653.0,1545.0,1653.0,LEA PARK FM
100021705518W500,100/02-17-055-18W5/00,1653.0,1757.0,1653.0,1757.0,COLORADO GRP
100021705518W500,100/02-17-055-18W5/00,1757.0,1822.0,1757.0,1822.0,BADHEART FM
100021705518W500,100/02-17-055-18W5/00,1822.0,1849.0,1822.0,1849.0,CARDIUM FM
100021705518W500,100/02-17-055-18W5/00,1849.0,1886.0,1849.0,1886.0,CARDIUM SD
100021705518W500,100/02-17-055-18W5/00,1886.0,1998.0,1886.0,1998.0,BLACKSTONE FM
100021705518W500,100/02-17-055-18W5/00,1998.0,1000000.0,1998.0,1000000.0,SECOND WHITE SPECKS
100021905320W500,100/02-19-053-20W5/00,1813.43,1948.19,1816.25,1951.3,LEA PARK FM
100021905320W500,100/02-19-053-20W5/00,1948.19,2062.89,1951.3,2066.4,COLORADO GRP
100021905320W500,100/02-19-053-20W5/00,2062.89,2097.87,2066.4,2101.49,BADHEART FM
100021905320W500,100/02-19-053-20W5/00,2097.87,2167.73,2101.49,2171.46,MUSKIKI FM
100021905320W500,100/02-19-053-20W5/00,2167.73,2200.59,2171.46,2204.33,CARDIUM FM
100021905320W500,100/02-19-053-20W5/00,2200.59,1000000.0,2204.33,1000000.0,CARDIUM SD
100022306319W500,100/02-23-063-19W5/00,861.0,967.0,861.0,967.0,LEA PARK FM
100022306319W500,100/02-23-063-19W5/00,967.0,1456.0,967.0,1456.0,COLORADO GRP
100022306319W500,100/02-23-063-19W5/00,1456.0,1507.5,1456.0,1507.5,BASE FISH SCALES MARKER
100022306319W500,100/02-23-063-19W5/00,1507.5,1526.0,1507.5,1526.0,VIKING FM
100022306319W500,100/02-23-063-19W5/00,1526.0,1533.0,1526.0,1533.0,JOLI FOU FM
100022306319W500,100/02-23-063-19W5/00,1533.0,1766.0,1533.0,1766.0,MANNVILLE GRP
100022306319W500,100/02-23-063-19W5/00,1766.0,1781.5,1766.0,1781.5,BLUESKY FM
100022306319W500,100/02-23-063-19W5/00,1781.5,1829.5,1781.5,1829.5,GETHING FM
100022306319W500,100/02-23-063-19W5/00,1829.5,1000000.0,1829.5,1000000.0,FERNIE GRP
100022806418W500,100/02-28-064-18W5/00,756.8,862.6,756.8,862.6,LEA PARK FM
100022806418W500,100/02-28-064-18W5/00,862.6,938.8,862.6,938.8,COLORADO GRP
100022806418W500,100/02-28-064-18W5/00,938.8,1016.8,938.8,1016.8,BADHEART FM
100022806418W500,100/02-28-064-18W5/00,1016.8,1107.9,1016.8,1107.9,CARDIUM SD
100022806418W500,100/02-28-064-18W5/00,1107.9,1320.4,1107.9,1320.4,SECOND WHITE SPECKS
100022806418W500,100/02-28-064-18W5/00,1320.4,1371.6,1320.4,1371.6,BASE FISH SCALES MARKER
100022806418W500,100/02-28-064-18W5/00,1371.6,1399.6,1371.6,1399.6,VIKING SANDSTONE
100022806418W500,100/02-28-064-18W5/00,1399.6,1628.5,1399.6,1628.5,BLAIRMORE GRP
100022806418W500,100/02-28-064-18W5/00,1628.5,1675.5,1628.5,1675.5,GETHING FM
100022806418W500,100/02-28-064-18W5/00,1675.5,1712.1,1675.5,1712.1,FERNIE GRP
100022806418W500,100/02-28-064-18W5/00,1712.1,1759.9,1712.1,1759.9,NORDEGG MBR
100022806418W500,100/02-28-064-18W5/00,1759.9,1789.8,1759.9,1789.8,TRIASSIC SYSTEM
100022806418W500,100/02-28-064-18W5/00,1789.8,1916.9,1789.8,1916.9,MISSISSIPPIAN SYSTEM
100022806418W500,100/02-28-064-18W5/00,1916.9,1965.0,1916.9,1965.0,PEKISKO FM
100022806418W500,100/02-28-064-18W5/00,1965.0,2161.0,1965.0,2161.0,BANFF FM
100022806418W500,100/02-28-064-18W5/00,2161.0,2389.6,2161.0,2389.6,WABAMUN GRP
100022806418W500,100/02-28-064-18W5/00,2389.6,2547.2,2389.6,2547.2,WINTERBURN GRP
100022806418W500,100/02-28-064-18W5/00,2547.2,2778.57,2547.2,2778.57,IRETON FM
100022806418W500,100/02-28-064-18W5/00,2778.57,2840.7,2778.57,2840.7,DUVERNAY FM
100022806418W500,100/02-28-064-18W5/00,2840.7,2953.5,2840.7,2953.5,BEAVERHILL LAKE GRP
100022806418W500,100/02-28-064-18W5/00,2953.5,2962.7,2953.5,2962.7,ELK POINT GRP
100022806418W500,100/02-28-064-18W5/00,2962.7,1000000.0,2962.7,1000000.0,GILWOOD MBR
100022905619W500,100/02-29-056-19W5/00,1565.0,1810.0,1565.0,1810.0,BELLY RIVER GRP
100022905619W500,100/02-29-056-19W5/00,1810.0,1911.5,1810.0,1911.5,LEA PARK FM
100022905619W500,100/02-29-056-19W5/00,1911.5,2036.0,1911.5,2036.0,COLORADO GRP
100022905619W500,100/02-29-056-19W5/00,2036.0,2109.5,2036.0,2109.5,BADHEART FM
100022905619W500,100/02-29-056-19W5/00,2109.5,2128.0,2109.5,2128.0,CARDIUM FM
100022905619W500,100/02-29-056-19W5/00,2128.0,2240.0,2128.0,2240.0,CARDIUM SD
100022905619W500,100/02-29-056-19W5/00,2240.0,1000000.0,2240.0,1000000.0,SECOND WHITE SPECKS
100033506419W500,100/03-35-064-19W5/00,1318.0,1358.0,1318.0,1358.0,BASE FISH SCALES MARKER
100033506419W500,100/03-35-064-19W5/00,1358.0,1401.0,1358.0,1401.0,VIKING FM
100033506419W500,100/03-35-064-19W5/00,1401.0,1631.5,1401.0,1631.5,NOTIKEWIN MBR
100033506419W500,100/03-35-064-19W5/00,1631.5,1701.5,1631.5,1701.5,BLUESKY FM
100033506419W500,100/03-35-064-19W5/00,1701.5,1729.0,1701.5,1729.0,FERNIE GRP
100033506419W500,100/03-35-064-19W5/00,1729.0,1768.0,1729.0,1768.0,NORDEGG MBR
100033506419W500,100/03-35-064-19W5/00,1768.0,1817.5,1768.0,1817.5,MONTNEY FM
100033506419W500,100/03-35-064-19W5/00,1817.5,1000000.0,1817.5,1000000.0,DEBOLT FM
100040605319W500,100/04-06-053-19W5/00,1724.35,1986.54,1831.91,2123.57,LEA PARK FM
100040605319W500,100/04-06-053-19W5/00,1986.54,2004.96,2123.57,2144.32,BADHEART FM
100040605319W500,100/04-06-053-19W5/00,2004.96,2088.08,2144.32,2235.01,MUSKIKI FM
100040605319W500,100/04-06-053-19W5/00,2088.08,2103.65,2235.01,2251.51,CARDIUM FM
100040605319W500,100/04-06-053-19W5/00,2103.65,2125.97,2251.51,2274.69,CARDIUM SD
100040605319W500,100/04-06-053-19W5/00,2125.97,1000000.0,2274.69,1000000.0,BLACKSTONE FM
100040905518W502,100/04-09-055-18W5/02,1241.0,1545.0,1241.0,1545.0,BELLY RIVER GRP
100040905518W502,100/04-09-055-18W5/02,1545.0,1655.0,1545.0,1655.0,LEA PARK FM
100040905518W502,100/04-09-055-18W5/02,1655.0,1760.0,1655.0,1760.0,COLORADO GRP
100040905518W502,100/04-09-055-18W5/02,1760.0,1826.0,1760.0,1826.0,BADHEART FM
100040905518W502,100/04-09-055-18W5/02,1826.0,1853.0,1826.0,1853.0,CARDIUM FM
100040905518W502,100/04-09-055-18W5/02,1853.0,1000000.0,1853.0,1000000.0,CARDIUM SD
100041505619W502,100/04-15-056-19W5/02,1483.0,1782.0,1483.0,1782.0,BELLY RIVER GRP
100041505619W502,100/04-15-056-19W5/02,1782.0,1872.0,1782.0,1872.0,LEA PARK FM
100041505619W502,100/04-15-056-19W5/02,1872.0,2075.5,1872.0,2075.5,COLORADO GRP
100041505619W502,100/04-15-056-19W5/02,2075.5,2095.0,2075.5,2095.0,CARDIUM FM
100041505619W502,100/04-15-056-19W5/02,2095.0,2247.0,2095.0,2247.0,CARDIUM SD
100041505619W502,100/04-15-056-19W5/02,2247.0,1000000.0,2247.0,1000000.0,SECOND WHITE SPECKS
100042105519W500,100/04-21-055-19W5/00,2390.0,2425.0,2390.0,2425.0,BASE FISH SCALES MARKER
100042105519W500,100/04-21-055-19W5/00,2425.0,2448.0,2425.0,2448.0,VIKING SANDSTONE
100042105519W500,100/04-21-055-19W5/00,2448.0,2659.0,2448.0,2659.0,MANNVILLE GRP
100042105519W500,100/04-21-055-19W5/00,2659.0,2764.0,2659.0,2764.0,GETHING FM
100042105519W500,100/04-21-055-19W5/00,2764.0,1000000.0,2764.0,1000000.0,FERNIE GRP
100043605519W500,100/04-36-055-19W5/00,1302.4,1611.5,1302.4,1611.5,BELLY RIVER GRP
100043605519W500,100/04-36-055-19W5/00,1611.5,1709.0,1611.5,1709.0,LEA PARK FM
100043605519W500,100/04-36-055-19W5/00,1709.0,1847.1,1709.0,1847.1,COLORADO GRP
100043605519W500,100/04-36-055-19W5/00,1847.1,1908.7,1847.1,1908.7,BADHEART FM
100043605519W500,100/04-36-055-19W5/00,1908.7,1941.6,1908.7,1941.6,CARDIUM FM
100043605519W500,100/04-36-055-19W5/00,1941.6,2053.7,1941.6,2053.7,CARDIUM SD
100043605519W500,100/04-36-055-19W5/00,2053.7,2297.0,2053.7,2297.0,SECOND WHITE SPECKS
100043605519W500,100/04-36-055-19W5/00,2297.0,2336.0,2297.0,2336.0,BASE FISH SCALES MARKER
100043605519W500,100/04-36-055-19W5/00,2336.0,2361.6,2336.0,2361.6,VIKING FM
100043605519W500,100/04-36-055-19W5/00,2361.6,2635.9,2361.6,2635.9,MANNVILLE GRP
100043605519W500,100/04-36-055-19W5/00,2635.9,2670.0,2635.9,2670.0,FERNIE GRP
100043605519W500,100/04-36-055-19W5/00,2670.0,2682.5,2670.0,2682.5,ROCK CREEK MBR
100043605519W500,100/04-36-055-19W5/00,2682.5,2740.5,2682.5,2740.5,NORDEGG MBR
100043605519W500,100/04-36-055-19W5/00,2740.5,2755.4,2740.5,2755.4,TRIASSIC SYSTEM
100043605519W500,100/04-36-055-19W5/00,2755.4,2768.2,2755.4,2768.2,ELKTON MBR
100043605519W500,100/04-36-055-19W5/00,2768.2,2838.3,2768.2,2838.3,SHUNDA FM
100043605519W500,100/04-36-055-19W5/00,2838.3,2873.3,2838.3,2873.3,PEKISKO FM
100043605519W500,100/04-36-055-19W5/00,2873.3,3052.0,2873.3,3052.0,BANFF FM
100043605519W500,100/04-36-055-19W5/00,3052.0,3054.1,3052.0,3054.1,EXSHAW FM
100043605519W500,100/04-36-055-19W5/00,3054.1,3272.0,3054.1,3272.0,WABAMUN GRP
100043605519W500,100/04-36-055-19W5/00,3272.0,3434.2,3272.0,3434.2,WINTERBURN GRP
100043605519W500,100/04-36-055-19W5/00,3434.2,3660.6,3434.2,3660.6,WOODBEND GRP
100043605519W500,100/04-36-055-19W5/00,3660.6,1000000.0,3660.6,1000000.0,BEAVERHILL LAKE GRP
100052105922W500,100/05-21-059-22W5/00,1807.52,1826.85,1816.66,1841.03,BADHEART FM
100052105922W500,100/05-21-059-22W5/00,1826.85,1869.31,1841.03,1902.9,MUSKIKI FM
100052105922W500,100/05-21-059-22W5/00,1869.31,1897.37,1902.9,1965.6,CARDIUM FM
100052105922W500,100/05-21-059-22W5/00,1897.37,1000000.0,1965.6,1000000.0,CARDIUM SD
100053305418W500,100/05-33-054-18W5/00,1195.0,1523.0,1195.0,1523.0,BELLY RIVER GRP
100053305418W500,100/05-33-054-18W5/00,1523.0,1637.0,1523.0,1637.0,LEA PARK FM
100053305418W500,100/05-33-054-18W5/00,1637.0,1760.0,1637.0,1760.0,COLORADO GRP
100053305418W500,100/05-33-054-18W5/00,1760.0,1826.2,1760.0,1826.2,BADHEART FM
100053305418W500,100/05-33-054-18W5/00,1826.2,1853.5,1826.2,1853.5,CARDIUM FM
100053305418W500,100/05-33-054-18W5/00,1853.5,1000000.0,1853.5,1000000.0,CARDIUM SD
100062105619W500,100/06-21-056-19W5/00,1426.0,1728.5,1426.0,1728.5,BELLY RIVER GRP
100062105619W500,100/06-21-056-19W5/00,1728.5,1803.0,1728.5,1803.0,LEA PARK FM
100062105619W500,100/06-21-056-19W5/00,1803.0,1957.0,1803.0,1957.0,COLORADO GRP
100062105619W500,100/06-21-056-19W5/00,1957.0,2032.0,1957.0,2032.0,BADHEART FM
100062105619W500,100/06-21-056-19W5/00,2032.0,2051.5,2032.0,2051.5,CARDIUM FM
100062105619W500,100/06-21-056-19W5/00,2051.5,2163.5,2051.5,2163.5,CARDIUM SD
100062105619W500,100/06-21-056-19W5/00,2163.5,1000000.0,2163.5,1000000.0,SECOND WHITE SPECKS
100062605620W500,100/06-26-056-20W5/00,1719.0,1804.0,1719.0,1804.0,LEA PARK FM
100062605620W500,100/06-26-056-20W5/00,1804.0,1936.0,1804.0,1936.0,COLORADO GRP
100062605620W500,100/06-26-056-20W5/00,1936.0,1954.0,1936.0,1954.0,BADHEART FM
100062605620W500,100/06-26-056-20W5/00,1954.0,2013.0,1954.0,2013.0,MUSKIKI FM
100062605620W500,100/06-26-056-20W5/00,2013.0,2029.6,2013.0,2029.6,CARDIUM FM
100062605620W500,100/06-26-056-20W5/00,2029.6,2068.3,2029.6,2068.3,CARDIUM SD
100062605620W500,100/06-26-056-20W5/00,2068.3,2194.0,2068.3,2194.0,KASKAPAU FM
100062605620W500,100/06-26-056-20W5/00,2194.0,1000000.0,2194.0,1000000.0,SECOND WHITE SPECKS
100062706022W500,100/06-27-060-22W5/00,2068.05,2119.46,2068.05,2119.46,BASE FISH SCALES MARKER
100062706022W500,100/06-27-060-22W5/00,2119.46,2154.91,2119.46,2154.91,VIKING SANDSTONE
100062706022W500,100/06-27-060-22W5/00,2154.91,2394.62,2154.91,2394.62,MANNVILLE GRP
100062706022W500,100/06-27-060-22W5/00,2394.62,2402.84,2394.62,2402.84,BLUESKY FM
100062706022W500,100/06-27-060-22W5/00,2402.84,2497.62,2402.84,2497.62,GETHING FM
100062706022W500,100/06-27-060-22W5/00,2497.62,2514.86,2497.62,2514.86,CADOMIN FM
100062706022W500,100/06-27-060-22W5/00,2514.86,2535.83,2514.86,2535.83,FERNIE GRP
100062706022W500,100/06-27-060-22W5/00,2535.83,2559.34,2535.83,2559.34,NORDEGG MBR
100062706022W500,100/06-27-060-22W5/00,2559.34,1000000.0,2559.34,1000000.0,MONTNEY FM
100062805619W500,100/06-28-056-19W5/00,1840.4,1937.9,1840.4,1937.9,LEA PARK FM
100062805619W500,100/06-28-056-19W5/00,1937.9,2063.5,1937.9,2063.5,COLORADO GRP
100062805619W500,100/06-28-056-19W5/00,2063.5,2135.4,2063.5,2135.4,BADHEART FM
100062805619W500,100/06-28-056-19W5/00,2135.4,2155.2,2135.4,2155.2,CARDIUM FM
100062805619W500,100/06-28-056-19W5/00,2155.2,2203.7,2155.2,2203.7,CARDIUM SD
100062805619W500,100/06-28-056-19W5/00,2203.7,2267.4,2203.7,2267.4,BLACKSTONE FM
100062805619W500,100/06-28-056-19W5/00,2267.4,2509.4,2267.4,2509.4,SECOND WHITE SPECKS
100062805619W500,100/06-28-056-19W5/00,2509.4,2546.3,2509.4,2546.3,BASE FISH SCALES MARKER
100062805619W500,100/06-28-056-19W5/00,2546.3,1000000.0,2546.3,1000000.0,VIKING SANDSTONE
100071005619W500,100/07-10-056-19W5/00,1339.6,1649.6,1339.6,1649.6,BELLY RIVER GRP
100071005619W500,100/07-10-056-19W5/00,1649.6,1752.6,1649.6,1752.6,LEA PARK FM
100071005619W500,100/07-10-056-19W5/00,1752.6,1959.9,1752.6,1959.9,COLORADO GRP
100071005619W500,100/07-10-056-19W5/00,1959.9,1978.8,1959.9,1978.8,CARDIUM FM
100071005619W500,100/07-10-056-19W5/00,1978.8,2090.9,1978.8,2090.9,CARDIUM SD
100071005619W500,100/07-10-056-19W5/00,2090.9,2334.8,2090.9,2334.8,SECOND WHITE SPECKS
100071005619W500,100/07-10-056-19W5/00,2334.8,2371.3,2334.8,2371.3,BASE FISH SCALES MARKER
100071005619W500,100/07-10-056-19W5/00,2371.3,2398.2,2371.3,2398.2,VIKING SANDSTONE
100071005619W500,100/07-10-056-19W5/00,2398.2,2598.1,2398.2,2598.1,MANNVILLE GRP
100071005619W500,100/07-10-056-19W5/00,2598.1,2612.1,2598.1,2612.1,BLUESKY FM
100071005619W500,100/07-10-056-19W5/00,2612.1,2665.8,2612.1,2665.8,GETHING FM
100071005619W500,100/07-10-056-19W5/00,2665.8,2724.9,2665.8,2724.9,FERNIE GRP
100071005619W500,100/07-10-056-19W5/00,2724.9,2785.0,2724.9,2785.0,NORDEGG MBR
100071005619W500,100/07-10-056-19W5/00,2785.0,2807.2,2785.0,2807.2,TRIASSIC SYSTEM
100071005619W500,100/07-10-056-19W5/00,2807.2,2817.9,2807.2,2817.9,ELKTON MBR
100071005619W500,100/07-10-056-19W5/00,2817.9,1000000.0,2817.9,1000000.0,SHUNDA FM
100071005921W502,100/07-10-059-21W5/02,1524.9,1632.8,1524.9,1632.8,LEA PARK FM
100071005921W502,100/07-10-059-21W5/02,1632.8,1802.0,1632.8,1802.0,COLORADO GRP
100071005921W502,100/07-10-059-21W5/02,1802.0,1831.8,1802.0,1831.8,CARDIUM FM
100071005921W502,100/07-10-059-21W5/02,1831.8,1987.3,1831.8,1987.3,CARDIUM SD
100071005921W502,100/07-10-059-21W5/02,1987.3,2207.1,1987.3,2207.1,SECOND WHITE SPECKS
100071005921W502,100/07-10-059-21W5/02,2207.1,2250.6,2207.1,2250.6,BASE FISH SCALES MARKER
100071005921W502,100/07-10-059-21W5/02,2250.6,2276.9,2250.6,2276.9,VIKING SANDSTONE
100071005921W502,100/07-10-059-21W5/02,2276.9,2279.9,2276.9,2279.9,JOLI FOU FM
100071005921W502,100/07-10-059-21W5/02,2279.9,2515.2,2279.9,2515.2,MANNVILLE GRP
100071005921W502,100/07-10-059-21W5/02,2515.2,2635.6,2515.2,2635.6,GETHING FM
100071005921W502,100/07-10-059-21W5/02,2635.6,2644.4,2635.6,2644.4,FERNIE GRP
100071005921W502,100/07-10-059-21W5/02,2644.4,2673.1,2644.4,2673.1,NORDEGG MBR
100071005921W502,100/07-10-059-21W5/02,2673.1,2731.0,2673.1,2731.0,MONTNEY FM
100071005921W502,100/07-10-059-21W5/02,2731.0,2795.0,2731.0,2795.0,ELKTON MBR
100071005921W502,100/07-10-059-21W5/02,2795.0,2866.3,2795.0,2866.3,SHUNDA FM
100071005921W502,100/07-10-059-21W5/02,2866.3,2906.6,2866.3,2906.6,PEKISKO FM
100071005921W502,100/07-10-059-21W5/02,2906.6,3087.3,2906.6,3087.3,BANFF FM
100071005921W502,100/07-10-059-21W5/02,3087.3,3090.7,3087.3,3090.7,EXSHAW FM
100071005921W502,100/07-10-059-21W5/02,3090.7,3315.0,3090.7,3315.0,WABAMUN GRP
100071005921W502,100/07-10-059-21W5/02,3315.0,3325.4,3315.0,3325.4,WINTERBURN GRP
100071005921W502,100/07-10-059-21W5/02,3325.4,3429.0,3325.4,3429.0,NISKU FM
100071005921W502,100/07-10-059-21W5/02,3429.0,3465.9,3429.0,3465.9,IRETON FM
100071005921W502,100/07-10-059-21W5/02,3465.9,3715.8,3465.9,3715.8,LEDUC FM
100071005921W502,100/07-10-059-21W5/02,3715.8,3728.0,3715.8,3728.0,BEAVERHILL LAKE GRP
100071005921W502,100/07-10-059-21W5/02,3728.0,3866.1,3728.0,3866.1,SWAN HILLS MBR
100071005921W502,100/07-10-059-21W5/02,3866.1,1000000.0,3866.1,1000000.0,ELK POINT GRP
100071606420W500,100/07-16-064-20W5/00,877.2,966.8,877.2,966.8,LEA PARK FM
100071606420W500,100/07-16-064-20W5/00,966.8,1109.2,966.8,1109.2,COLORADO GRP
100071606420W500,100/07-16-064-20W5/00,1109.2,1136.9,1109.2,1136.9,CARDIUM FM
100071606420W500,100/07-16-064-20W5/00,1136.9,1239.6,1136.9,1239.6,CARDIUM SD
100071606420W500,100/07-16-064-20W5/00,1239.6,1477.7,1239.6,1477.7,SECOND WHITE SPECKS
100071606420W500,100/07-16-064-20W5/00,1477.7,1509.4,1477.7,1509.4,BASE FISH SCALES MARKER
100071606420W500,100/07-16-064-20W5/00,1509.4,1537.1,1509.4,1537.1,VIKING FM
100071606420W500,100/07-16-064-20W5/00,1537.1,1554.8,1537.1,1554.8,VIKING SANDSTONE
100071606420W500,100/07-16-064-20W5/00,1554.8,1000000.0,1554.8,1000000.0,MANNVILLE GRP
100072105922W500,100/07-21-059-22W5/00,1211.0,1573.0,1211.0,1573.0,BELLY RIVER GRP
100072105922W500,100/07-21-059-22W5/00,1573.0,1680.0,1573.0,1680.0,LEA PARK FM
100072105922W500,100/07-21-059-22W5/00,1680.0,1880.0,1680.0,1880.0,COLORADO GRP
100072105922W500,100/07-21-059-22W5/00,1880.0,2005.0,1880.0,2005.0,CARDIUM SD
100072105922W500,100/07-21-059-22W5/00,2005.0,2256.0,2005.0,2256.0,SECOND WHITE SPECKS
100072105922W500,100/07-21-059-22W5/00,2256.0,2324.0,2256.0,2324.0,BASE FISH SCALES MARKER
100072105922W500,100/07-21-059-22W5/00,2324.0,2346.0,2324.0,2346.0,VIKING SANDSTONE
100072105922W500,100/07-21-059-22W5/00,2346.0,2350.0,2346.0,2350.0,JOLI FOU FM
100072105922W500,100/07-21-059-22W5/00,2350.0,2654.0,2350.0,2654.0,MANNVILLE GRP
100072105922W500,100/07-21-059-22W5/00,2654.0,2695.5,2654.0,2695.5,GETHING FM
100072105922W500,100/07-21-059-22W5/00,2695.5,2722.0,2695.5,2722.0,CADOMIN FM
100072105922W500,100/07-21-059-22W5/00,2722.0,2749.5,2722.0,2749.5,FERNIE GRP
100072105922W500,100/07-21-059-22W5/00,2749.5,2774.5,2749.5,2774.5,NORDEGG MBR
100072105922W500,100/07-21-059-22W5/00,2774.5,1000000.0,2774.5,1000000.0,MONTNEY FM
100072305620W502,100/07-23-056-20W5/02,1628.5,1914.0,1628.5,1914.0,BELLY RIVER GRP
100072305620W502,100/07-23-056-20W5/02,1914.0,1999.6,1914.0,1999.6,LEA PARK FM
100072305620W502,100/07-23-056-20W5/02,1999.6,2131.0,1999.6,2131.0,COLORADO GRP
100072305620W502,100/07-23-056-20W5/02,2131.0,2208.0,2131.0,2208.0,BADHEART FM
100072305620W502,100/07-23-056-20W5/02,2208.0,2225.0,2208.0,2225.0,CARDIUM FM
100072305620W502,100/07-23-056-20W5/02,2225.0,2381.0,2225.0,2381.0,CARDIUM SD
100072305620W502,100/07-23-056-20W5/02,2381.0,2592.5,2381.0,2592.5,SECOND WHITE SPECKS
100072305620W502,100/07-23-056-20W5/02,2592.5,2628.7,2592.5,2628.7,BASE FISH SCALES MARKER
100072305620W502,100/07-23-056-20W5/02,2628.7,2653.0,2628.7,2653.0,VIKING SANDSTONE
100072305620W502,100/07-23-056-20W5/02,2653.0,2868.3,2653.0,2868.3,MANNVILLE GRP
100072305620W502,100/07-23-056-20W5/02,2868.3,2876.5,2868.3,2876.5,BLUESKY FM
100072305620W502,100/07-23-056-20W5/02,2876.5,2959.0,2876.5,2959.0,GETHING FM
100072305620W502,100/07-23-056-20W5/02,2959.0,3000.5,2959.0,3000.5,FERNIE GRP
100072305620W502,100/07-23-056-20W5/02,3000.5,3051.7,3000.5,3051.7,NORDEGG MBR
100072305620W502,100/07-23-056-20W5/02,3051.7,3090.8,3051.7,3090.8,MONTNEY FM
100072305620W502,100/07-23-056-20W5/02,3090.8,3120.0,3090.8,3120.0,TURNER VALLEY FM
100072305620W502,100/07-23-056-20W5/02,3120.0,3191.0,3120.0,3191.0,SHUNDA FM
100072305620W502,100/07-23-056-20W5/02,3191.0,3227.7,3191.0,3227.7,PEKISKO FM
100072305620W502,100/07-23-056-20W5/02,3227.7,3399.5,3227.7,3399.5,BANFF FM
100072305620W502,100/07-23-056-20W5/02,3399.5,3401.5,3399.5,3401.5,EXSHAW FM
100072305620W502,100/07-23-056-20W5/02,3401.5,3635.0,3401.5,3635.0,WABAMUN GRP
100072305620W502,100/07-23-056-20W5/02,3635.0,3781.0,3635.0,3781.0,WINTERBURN GRP
100072305620W502,100/07-23-056-20W5/02,3781.0,3871.0,3781.0,3871.0,IRETON FM
100072305620W502,100/07-23-056-20W5/02,3871.0,1000000.0,3871.0,1000000.0,LEDUC FM
100072805519W500,100/07-28-055-19W5/00,2359.01,2398.12,2359.01,2398.12,BASE FISH SCALES MARKER
100072805519W500,100/07-28-055-19W5/00,2398.12,2420.4,2398.12,2420.4,PEACE RIVER FM
100072805519W500,100/07-28-055-19W5/00,2420.4,2567.2,2420.4,2567.2,SPIRIT RIVER FM
100072805519W500,100/07-28-055-19W5/00,2567.2,2629.66,2567.2,2629.66,BLUESKY FM
100072805519W500,100/07-28-055-19W5/00,2629.66,2749.28,2629.66,2749.28,GETHING FM
100072805519W500,100/07-28-055-19W5/00,2749.28,2757.97,2749.28,2757.97,FERNIE GRP
100072805519W500,100/07-28-055-19W5/00,2757.97,1000000.0,2757.97,1000000.0,NORDEGG MBR
100072905619W500,100/07-29-056-19W5/00,1813.0,1912.0,1813.0,1912.0,LEA PARK FM
100072905619W500,100/07-29-056-19W5/00,1912.0,2037.0,1912.0,2037.0,COLORADO GRP
100072905619W500,100/07-29-056-19W5/00,2037.0,2110.1,2037.0,2110.1,BADHEART FM
100072905619W500,100/07-29-056-19W5/00,2110.1,2129.3,2110.1,2129.3,CARDIUM FM
100072905619W500,100/07-29-056-19W5/00,2129.3,2177.2,2129.3,2177.2,CARDIUM SD
100072905619W500,100/07-29-056-19W5/00,2177.2,2240.6,2177.2,2240.6,BLACKSTONE FM
100072905619W500,100/07-29-056-19W5/00,2240.6,1000000.0,2240.6,1000000.0,SECOND WHITE SPECKS
100080705318W502,100/08-07-053-18W5/02,1646.6,1779.3,1646.6,1779.3,LEA PARK FM
100080705318W502,100/08-07-053-18W5/02,1779.3,1897.8,1779.3,1897.8,COLORADO GRP
100080705318W502,100/08-07-053-18W5/02,1897.8,1984.5,1897.8,1984.5,BADHEART FM
100080705318W502,100/08-07-053-18W5/02,1984.5,2008.9,1984.5,2008.9,CARDIUM FM
100080705318W502,100/08-07-053-18W5/02,2008.9,2142.5,2008.9,2142.5,CARDIUM SD
100080705318W502,100/08-07-053-18W5/02,2142.5,1000000.0,2142.5,1000000.0,SECOND WHITE SPECKS
100080805518W500,100/08-08-055-18W5/00,1059.0,1547.5,1059.0,1547.5,BELLY RIVER GRP
100080805518W500,100/08-08-055-18W5/00,1547.5,1661.0,1547.5,1661.0,LEA PARK FM
100080805518W500,100/08-08-055-18W5/00,1661.0,1831.0,1661.0,1831.0,COLORADO GRP
100080805518W500,100/08-08-055-18W5/00,1831.0,1859.0,1831.0,1859.0,CARDIUM FM
100080805518W500,100/08-08-055-18W5/00,1859.0,1000000.0,1859.0,1000000.0,CARDIUM SD
100082805418W500,100/08-28-054-18W5/00,1747.87,1767.62,1766.06,1797.36,BADHEART FM
100082805418W500,100/08-28-054-18W5/00,1767.62,1828.44,1797.36,1930.35,MUSKIKI FM
100082805418W500,100/08-28-054-18W5/00,1828.44,1844.6,1930.35,1969.16,CARDIUM FM
100082805418W500,100/08-28-054-18W5/00,1844.6,1000000.0,1969.16,1000000.0,CARDIUM SD
100091405620W500,100/09-14-056-20W5/00,1575.0,1921.0,1575.0,1921.0,BELLY RIVER GRP
100091405620W500,100/09-14-056-20W5/00,1921.0,2005.0,1921.0,2005.0,LEA PARK FM
100091405620W500,100/09-14-056-20W5/00,2005.0,2135.0,2005.0,2135.0,COLORADO GRP
100091405620W500,100/09-14-056-20W5/00,2135.0,2197.0,2135.0,2197.0,BADHEART FM
100091405620W500,100/09-14-056-20W5/00,2197.0,2230.0,2197.0,2230.0,CARDIUM FM
100091405620W500,100/09-14-056-20W5/00,2230.0,2270.0,2230.0,2270.0,CARDIUM SD
100091405620W500,100/09-14-056-20W5/00,2270.0,1000000.0,2270.0,1000000.0,KASKAPAU FM
100092005619W502,100/09-20-056-19W5/02,1516.0,1848.0,1516.0,1848.0,BELLY RIVER GRP
100092005619W502,100/09-20-056-19W5/02,1848.0,1951.5,1848.0,1951.5,LEA PARK FM
100092005619W502,100/09-20-056-19W5/02,1951.5,2078.0,1951.5,2078.0,COLORADO GRP
100092005619W502,100/09-20-056-19W5/02,2078.0,2152.5,2078.0,2152.5,BADHEART FM
100092005619W502,100/09-20-056-19W5/02,2152.5,2172.0,2152.5,2172.0,CARDIUM FM
100092005619W502,100/09-20-056-19W5/02,2172.0,2283.5,2172.0,2283.5,CARDIUM SD
100092005619W502,100/09-20-056-19W5/02,2283.5,1000000.0,2283.5,1000000.0,SECOND WHITE SPECKS
100100106518W500,100/10-01-065-18W5/00,757.7,861.1,757.7,861.1,LEA PARK FM
100100106518W500,100/10-01-065-18W5/00,861.1,938.2,861.1,938.2,COLORADO GRP
100100106518W500,100/10-01-065-18W5/00,938.2,1013.5,938.2,1013.5,BADHEART FM
100100106518W500,100/10-01-065-18W5/00,1013.5,1099.1,1013.5,1099.1,CARDIUM FM
100100106518W500,100/10-01-065-18W5/00,1099.1,1305.5,1099.1,1305.5,SECOND WHITE SPECKS
100100106518W500,100/10-01-065-18W5/00,1305.5,1351.5,1305.5,1351.5,BASE FISH SCALES MARKER
100100106518W500,100/10-01-065-18W5/00,1351.5,1361.15,1351.5,1361.15,VIKING FM
100100106518W500,100/10-01-065-18W5/00,1361.15,1376.46,1361.15,1376.46,VIKING SANDSTONE
100100106518W500,100/10-01-065-18W5/00,1376.46,1387.0,1376.46,1387.0,JOLI FOU FM
100100106518W500,100/10-01-065-18W5/00,1387.0,1608.47,1387.0,1608.47,MANNVILLE GRP
100100106518W500,100/10-01-065-18W5/00,1608.47,1634.29,1608.47,1634.29,BLUESKY FM
100100106518W500,100/10-01-065-18W5/00,1634.29,1660.9,1634.29,1660.9,GETHING FM
100100106518W500,100/10-01-065-18W5/00,1660.9,1718.4,1660.9,1718.4,FERNIE GRP
100100106518W500,100/10-01-065-18W5/00,1718.4,1738.64,1718.4,1738.64,NORDEGG MBR
100100106518W500,100/10-01-065-18W5/00,1738.64,1762.7,1738.64,1762.7,MONTNEY FM
100100106518W500,100/10-01-065-18W5/00,1762.7,1880.3,1762.7,1880.3,DEBOLT FM
100100106518W500,100/10-01-065-18W5/00,1880.3,1927.9,1880.3,1927.9,PEKISKO FM
100100106518W500,100/10-01-065-18W5/00,1927.9,2123.8,1927.9,2123.8,BANFF FM
100100106518W500,100/10-01-065-18W5/00,2123.8,2126.9,2123.8,2126.9,EXSHAW FM
100100106518W500,100/10-01-065-18W5/00,2126.9,2347.9,2126.9,2347.9,WABAMUN GRP
100100106518W500,100/10-01-065-18W5/00,2347.9,2534.7,2347.9,2534.7,WINTERBURN GRP
100100106518W500,100/10-01-065-18W5/00,2534.7,2747.5,2534.7,2747.5,WOODBEND GRP
100100106518W500,100/10-01-065-18W5/00,2747.5,2793.8,2747.5,2793.8,DUVERNAY FM
100100106518W500,100/10-01-065-18W5/00,2793.8,2921.5,2793.8,2921.5,BEAVERHILL LAKE GRP
100100106518W500,100/10-01-065-18W5/00,2921.5,2930.7,2921.5,2930.7,ELK POINT GRP
100100106518W500,100/10-01-065-18W5/00,2930.7,2954.7,2930.7,2954.7,GILWOOD MBR
100100106518W500,100/10-01-065-18W5/00,2954.7,3010.2,2954.7,3010.2,UPPER CAMBRIAN
100100106518W500,100/10-01-065-18W5/00,3010.2,3028.8,3010.2,3028.8,MIDDLE CAMBRIAN
100100106518W500,100/10-01-065-18W5/00,3028.8,3230.9,3028.8,3230.9,ELDON FM
100100106518W500,100/10-01-065-18W5/00,3230.9,1000000.0,3230.9,1000000.0,PRECAMBRIAN SYSTEM
100100306518W500,100/10-03-065-18W5/00,734.0,840.3,734.0,840.3,LEA PARK FM
100100306518W500,100/10-03-065-18W5/00,840.3,917.4,840.3,917.4,COLORADO GRP
100100306518W500,100/10-03-065-18W5/00,917.4,993.0,917.4,993.0,BADHEART FM
100100306518W500,100/10-03-065-18W5/00,993.0,1082.0,993.0,1082.0,CARDIUM FM
100100306518W500,100/10-03-065-18W5/00,1082.0,1294.2,1082.0,1294.2,SECOND WHITE SPECKS
100100306518W500,100/10-03-065-18W5/00,1294.2,1376.8,1294.2,1376.8,BASE FISH SCALES MARKER
100100306518W500,100/10-03-065-18W5/00,1376.8,1598.7,1376.8,1598.7,NOTIKEWIN MBR
100100306518W500,100/10-03-065-18W5/00,1598.7,1645.3,1598.7,1645.3,GETHING FM
100100306518W500,100/10-03-065-18W5/00,1645.3,1000000.0,1645.3,1000000.0,FERNIE GRP
100100506419W500,100/10-05-064-19W5/00,829.1,922.0,829.1,922.0,WAPIABI FM
100100506419W500,100/10-05-064-19W5/00,922.0,1000.7,922.0,1000.7,COLORADO GRP
100100506419W500,100/10-05-064-19W5/00,1000.7,1083.0,1000.7,1083.0,BADHEART FM
100100506419W500,100/10-05-064-19W5/00,1083.0,1181.1,1083.0,1181.1,CARDIUM FM
100100506419W500,100/10-05-064-19W5/00,1181.1,1407.9,1181.1,1407.9,SECOND WHITE SPECKS
100100506419W500,100/10-05-064-19W5/00,1407.9,1456.9,1407.9,1456.9,BASE FISH SCALES MARKER
100100506419W500,100/10-05-064-19W5/00,1456.9,1486.2,1456.9,1486.2,VIKING SANDSTONE
100100506419W500,100/10-05-064-19W5/00,1486.2,1719.7,1486.2,1719.7,BLAIRMORE GRP
100100506419W500,100/10-05-064-19W5/00,1719.7,1793.4,1719.7,1793.4,GETHING FM
100100506419W500,100/10-05-064-19W5/00,1793.4,1820.9,1793.4,1820.9,FERNIE GRP
100100506419W500,100/10-05-064-19W5/00,1820.9,1858.4,1820.9,1858.4,NORDEGG MBR
100100506419W500,100/10-05-064-19W5/00,1858.4,1912.3,1858.4,1912.3,TRIASSIC SYSTEM
100100506419W500,100/10-05-064-19W5/00,1912.3,2047.3,1912.3,2047.3,MISSISSIPPIAN SYSTEM
100100506419W500,100/10-05-064-19W5/00,2047.3,2094.0,2047.3,2094.0,PEKISKO FM
100100506419W500,100/10-05-064-19W5/00,2094.0,2286.6,2094.0,2286.6,BANFF FM
100100506419W500,100/10-05-064-19W5/00,2286.6,2508.8,2286.6,2508.8,WABAMUN GRP
100100506419W500,100/10-05-064-19W5/00,2508.8,2718.8,2508.8,2718.8,WINTERBURN GRP
100100506419W500,100/10-05-064-19W5/00,2718.8,2899.6,2718.8,2899.6,IRETON FM
100100506419W500,100/10-05-064-19W5/00,2899.6,2956.6,2899.6,2956.6,DUVERNAY FM
100100506419W500,100/10-05-064-19W5/00,2956.6,1000000.0,2956.6,1000000.0,BEAVERHILL LAKE GRP
100100706021W502,100/10-07-060-21W5/02,1438.88,1520.88,1438.88,1520.88,LEA PARK FM
100100706021W502,100/10-07-060-21W5/02,1520.88,1619.75,1520.88,1619.75,COLORADO GRP
100100706021W502,100/10-07-060-21W5/02,1619.75,1704.32,1619.75,1704.32,BADHEART FM
100100706021W502,100/10-07-060-21W5/02,1704.32,1825.08,1704.32,1825.08,CARDIUM SD
100100706021W502,100/10-07-060-21W5/02,1825.08,1998.62,1825.08,1998.62,SECOND WHITE SPECKS
100100706021W502,100/10-07-060-21W5/02,1998.62,2079.91,1998.62,2079.91,DUNVEGAN FM
100100706021W502,100/10-07-060-21W5/02,2079.91,2125.4,2079.91,2125.4,BASE FISH SCALES MARKER
100100706021W502,100/10-07-060-21W5/02,2125.4,2382.12,2125.4,2382.12,VIKING SANDSTONE
100100706021W502,100/10-07-060-21W5/02,2382.12,2397.02,2382.12,2397.02,BLUESKY FM
100100706021W502,100/10-07-060-21W5/02,2397.02,2489.77,2397.02,2489.77,GETHING FM
100100706021W502,100/10-07-060-21W5/02,2489.77,2526.7,2489.77,2526.7,CADOMIN FM
100100706021W502,100/10-07-060-21W5/02,2526.7,1000000.0,2526.7,1000000.0,FERNIE GRP
100100706418W500,100/10-07-064-18W5/00,835.8,897.0,835.8,897.0,LEA PARK FM
100100706418W500,100/10-07-064-18W5/00,897.0,976.0,897.0,976.0,COLORADO GRP
100100706418W500,100/10-07-064-18W5/00,976.0,1056.4,976.0,1056.4,BADHEART FM
100100706418W500,100/10-07-064-18W5/00,1056.4,1151.5,1056.4,1151.5,CARDIUM FM
100100706418W500,100/10-07-064-18W5/00,1151.5,1372.8,1151.5,1372.8,SECOND WHITE SPECKS
100100706418W500,100/10-07-064-18W5/00,1372.8,1405.1,1372.8,1405.1,BASE FISH SCALES MARKER
100100706418W500,100/10-07-064-18W5/00,1405.1,1446.6,1405.1,1446.6,VIKING SANDSTONE
100100706418W500,100/10-07-064-18W5/00,1446.6,1000000.0,1446.6,1000000.0,BLAIRMORE GRP
100100805720W500,100/10-08-057-20W5/00,1565.0,1655.0,1565.0,1655.0,LEA PARK FM
100100805720W500,100/10-08-057-20W5/00,1655.0,1765.0,1655.0,1765.0,COLORADO GRP
100100805720W500,100/10-08-057-20W5/00,1765.0,1783.0,1765.0,1783.0,BADHEART FM
100100805720W500,100/10-08-057-20W5/00,1783.0,1841.0,1783.0,1841.0,MUSKIKI FM
100100805720W500,100/10-08-057-20W5/00,1841.0,1858.0,1841.0,1858.0,CARDIUM FM
100100805720W500,100/10-08-057-20W5/00,1858.0,1902.0,1858.0,1902.0,CARDIUM SD
100100805720W500,100/10-08-057-20W5/00,1902.0,1000000.0,1902.0,1000000.0,KASKAPAU FM
100101406420W500,100/10-14-064-20W5/00,879.7,962.6,879.7,962.6,LEA PARK FM
100101406420W500,100/10-14-064-20W5/00,962.6,1100.6,962.6,1100.6,COLORADO GRP
100101406420W500,100/10-14-064-20W5/00,1100.6,1128.7,1100.6,1128.7,CARDIUM FM
100101406420W500,100/10-14-064-20W5/00,1128.7,1229.3,1128.7,1229.3,CARDIUM SD
100101406420W500,100/10-14-064-20W5/00,1229.3,1460.9,1229.3,1460.9,SECOND WHITE SPECKS
100101406420W500,100/10-14-064-20W5/00,1460.9,1496.6,1460.9,1496.6,BASE FISH SCALES MARKER
100101406420W500,100/10-14-064-20W5/00,1496.6,1539.8,1496.6,1539.8,VIKING SANDSTONE
100101406420W500,100/10-14-064-20W5/00,1539.8,1569.7,1539.8,1569.7,NOTIKEWIN MBR
100101406420W500,100/10-14-064-20W5/00,1569.7,1771.8,1569.7,1771.8,FALHER MBR
100101406420W500,100/10-14-064-20W5/00,1771.8,1781.9,1771.8,1781.9,GLAUCONITIC SS
100101406420W500,100/10-14-064-20W5/00,1781.9,1837.3,1781.9,1837.3,GETHING FM
100101406420W500,100/10-14-064-20W5/00,1837.3,1880.9,1837.3,1880.9,FERNIE GRP
100101406420W500,100/10-14-064-20W5/00,1880.9,1917.5,1880.9,1917.5,NORDEGG MBR
100101406420W500,100/10-14-064-20W5/00,1917.5,1985.2,1917.5,1985.2,MONTNEY FM
100101406420W500,100/10-14-064-20W5/00,1985.2,1000000.0,1985.2,1000000.0,DEBOLT FM
100102406420W500,100/10-24-064-20W5/00,833.9,920.5,833.9,920.5,LEA PARK FM
100102406420W500,100/10-24-064-20W5/00,920.5,996.7,920.5,996.7,COLORADO GRP
100102406420W500,100/10-24-064-20W5/00,996.7,1178.7,996.7,1178.7,BADHEART FM
100102406420W500,100/10-24-064-20W5/00,1178.7,1404.5,1178.7,1404.5,SECOND WHITE SPECKS
100102406420W500,100/10-24-064-20W5/00,1404.5,1442.9,1404.5,1442.9,BASE FISH SCALES MARKER
100102406420W500,100/10-24-064-20W5/00,1442.9,1486.5,1442.9,1486.5,VIKING SANDSTONE
100102406420W500,100/10-24-064-20W5/00,1486.5,1721.5,1486.5,1721.5,MANNVILLE GRP
100102406420W500,100/10-24-064-20W5/00,1721.5,1780.0,1721.5,1780.0,GETHING FM
100102406420W500,100/10-24-064-20W5/00,1780.0,1825.4,1780.0,1825.4,FERNIE GRP
100102406420W500,100/10-24-064-20W5/00,1825.4,1861.4,1825.4,1861.4,NORDEGG MBR
100102406420W500,100/10-24-064-20W5/00,1861.4,1924.5,1861.4,1924.5,MONTNEY FM
100102406420W500,100/10-24-064-20W5/00,1924.5,1000000.0,1924.5,1000000.0,DEBOLT FM
100102906418W500,100/10-29-064-18W5/00,776.6,852.2,776.6,852.2,LEA PARK FM
100102906418W500,100/10-29-064-18W5/00,852.2,928.1,852.2,928.1,COLORADO GRP
100102906418W500,100/10-29-064-18W5/00,928.1,1007.4,928.1,1007.4,BADHEART FM
100102906418W500,100/10-29-064-18W5/00,1007.4,1098.5,1007.4,1098.5,CARDIUM SD
100102906418W500,100/10-29-064-18W5/00,1098.5,1310.6,1098.5,1310.6,SECOND WHITE SPECKS
100102906418W500,100/10-29-064-18W5/00,1310.6,1345.1,1310.6,1345.1,BASE FISH SCALES MARKER
100102906418W500,100/10-29-064-18W5/00,1345.1,1390.2,1345.1,1390.2,VIKING SANDSTONE
100102906418W500,100/10-29-064-18W5/00,1390.2,1000000.0,1390.2,1000000.0,BLAIRMORE GRP
100103105418W500,100/10-31-054-18W5/00,1272.5,1610.0,1272.5,1610.0,BELLY RIVER GRP
100103105418W500,100/10-31-054-18W5/00,1610.0,1724.0,1610.0,1724.0,LEA PARK FM
100103105418W500,100/10-31-054-18W5/00,1724.0,1830.0,1724.0,1830.0,COLORADO GRP
100103105418W500,100/10-31-054-18W5/00,1830.0,1896.0,1830.0,1896.0,BADHEART FM
100103105418W500,100/10-31-054-18W5/00,1896.0,1923.0,1896.0,1923.0,CARDIUM FM
100103105418W500,100/10-31-054-18W5/00,1923.0,1961.0,1923.0,1961.0,CARDIUM SD
100103105418W500,100/10-31-054-18W5/00,1961.0,2075.0,1961.0,2075.0,BLACKSTONE FM
100103105418W500,100/10-31-054-18W5/00,2075.0,1000000.0,2075.0,1000000.0,SECOND WHITE SPECKS
100103106417W500,100/10-31-064-17W5/00,790.3,878.4,790.3,878.4,LEA PARK FM
100103106417W500,100/10-31-064-17W5/00,878.4,1118.6,878.4,1118.6,COLORADO GRP
100103106417W500,100/10-31-064-17W5/00,1118.6,1326.8,1118.6,1326.8,SECOND WHITE SPECKS
100103106417W500,100/10-31-064-17W5/00,1326.8,1369.5,1326.8,1369.5,BASE FISH SCALES MARKER
100103106417W500,100/10-31-064-17W5/00,1369.5,1404.8,1369.5,1404.8,VIKING SANDSTONE
100103106417W500,100/10-31-064-17W5/00,1404.8,1612.1,1404.8,1612.1,MANNVILLE GRP
100103106417W500,100/10-31-064-17W5/00,1612.1,1688.6,1612.1,1688.6,GETHING FM
100103106417W500,100/10-31-064-17W5/00,1688.6,1000000.0,1688.6,1000000.0,FERNIE GRP
100110105518W502,100/11-01-055-18W5/02,1477.5,1605.0,1477.5,1605.0,LEA PARK FM
100110105518W502,100/11-01-055-18W5/02,1605.0,1770.0,1605.0,1770.0,COLORADO GRP
100110105518W502,100/11-01-055-18W5/02,1770.0,1798.0,1770.0,1798.0,CARDIUM FM
100110105518W502,100/11-01-055-18W5/02,1798.0,2141.5,1798.0,2141.5,CARDIUM SD
100110105518W502,100/11-01-055-18W5/02,2141.5,2186.0,2141.5,2186.0,BASE FISH SCALES MARKER
100110105518W502,100/11-01-055-18W5/02,2186.0,2193.0,2186.0,2193.0,VIKING SANDSTONE
100110105518W502,100/11-01-055-18W5/02,2193.0,2198.0,2193.0,2198.0,JOLI FOU FM
100110105518W502,100/11-01-055-18W5/02,2198.0,2402.0,2198.0,2402.0,MANNVILLE GRP
100110105518W502,100/11-01-055-18W5/02,2402.0,2418.0,2402.0,2418.0,BLUESKY FM
100110105518W502,100/11-01-055-18W5/02,2418.0,2503.5,2418.0,2503.5,GETHING FM
100110105518W502,100/11-01-055-18W5/02,2503.5,2513.5,2503.5,2513.5,FERNIE GRP
100110105518W502,100/11-01-055-18W5/02,2513.5,2568.8,2513.5,2568.8,NORDEGG MBR
100110105518W502,100/11-01-055-18W5/02,2568.8,2579.2,2568.8,2579.2,ELKTON MBR
100110105518W502,100/11-01-055-18W5/02,2579.2,1000000.0,2579.2,1000000.0,SHUNDA FM
100110105720W500,100/11-01-057-20W5/00,1308.0,1692.0,1308.0,1692.0,BELLY RIVER GRP
100110105720W500,100/11-01-057-20W5/00,1692.0,1808.2,1692.0,1808.2,LEA PARK FM
100110105720W500,100/11-01-057-20W5/00,1808.2,1990.0,1808.2,1990.0,COLORADO GRP
100110105720W500,100/11-01-057-20W5/00,1990.0,2008.5,1990.0,2008.5,CARDIUM FM
100110105720W500,100/11-01-057-20W5/00,2008.5,2123.7,2008.5,2123.7,CARDIUM SD
100110105720W500,100/11-01-057-20W5/00,2123.7,2372.5,2123.7,2372.5,SECOND WHITE SPECKS
100110105720W500,100/11-01-057-20W5/00,2372.5,2410.0,2372.5,2410.0,BASE FISH SCALES MARKER
100110105720W500,100/11-01-057-20W5/00,2410.0,2434.0,2410.0,2434.0,VIKING FM
100110105720W500,100/11-01-057-20W5/00,2434.0,2603.4,2434.0,2603.4,MANNVILLE GRP
100110105720W500,100/11-01-057-20W5/00,2603.4,2612.6,2603.4,2612.6,GLAUCONITIC SS
100110105720W500,100/11-01-057-20W5/00,2612.6,2740.5,2612.6,2740.5,GETHING FM
100110105720W500,100/11-01-057-20W5/00,2740.5,2764.5,2740.5,2764.5,FERNIE GRP
100110105720W500,100/11-01-057-20W5/00,2764.5,2767.0,2764.5,2767.0,ROCK CREEK MBR
100110105720W500,100/11-01-057-20W5/00,2767.0,2786.3,2767.0,2786.3,POKER CHIP SH
100110105720W500,100/11-01-057-20W5/00,2786.3,1000000.0,2786.3,1000000.0,NORDEGG MBR
100110606518W500,100/11-06-065-18W5/00,766.9,836.7,766.9,836.7,LEA PARK FM
100110606518W500,100/11-06-065-18W5/00,836.7,923.2,836.7,923.2,COLORADO GRP
100110606518W500,100/11-06-065-18W5/00,923.2,1001.6,923.2,1001.6,BADHEART FM
100110606518W500,100/11-06-065-18W5/00,1001.6,1093.3,1001.6,1093.3,CARDIUM SD
100110606518W500,100/11-06-065-18W5/00,1093.3,1305.5,1093.3,1305.5,SECOND WHITE SPECKS
100110606518W500,100/11-06-065-18W5/00,1305.5,1359.4,1305.5,1359.4,BASE FISH SCALES MARKER
100110606518W500,100/11-06-065-18W5/00,1359.4,1385.9,1359.4,1385.9,BOW ISLAND SD
100110606518W500,100/11-06-065-18W5/00,1385.9,1000000.0,1385.9,1000000.0,NOTIKEWIN MBR
100112205519W500,100/11-22-055-19W5/00,1247.0,1635.5,1247.0,1635.5,BELLY RIVER GRP
100112205519W500,100/11-22-055-19W5/00,1635.5,1768.5,1635.5,1768.5,LEA PARK FM
100112205519W500,100/11-22-055-19W5/00,1768.5,1877.0,1768.5,1877.0,COLORADO GRP
100112205519W500,100/11-22-055-19W5/00,1877.0,1896.0,1877.0,1896.0,BADHEART FM
100112205519W500,100/11-22-055-19W5/00,1896.0,1971.0,1896.0,1971.0,MUSKIKI FM
100112205519W500,100/11-22-055-19W5/00,1971.0,2019.0,1971.0,2019.0,CARDIUM SD
100112205519W500,100/11-22-055-19W5/00,2019.0,2085.0,2019.0,2085.0,KASKAPAU FM
100112205519W500,100/11-22-055-19W5/00,2085.0,2331.8,2085.0,2331.8,SECOND WHITE SPECKS
100112205519W500,100/11-22-055-19W5/00,2331.8,2366.0,2331.8,2366.0,BASE FISH SCALES MARKER
100112205519W500,100/11-22-055-19W5/00,2366.0,2385.0,2366.0,2385.0,VIKING SANDSTONE
100112205519W500,100/11-22-055-19W5/00,2385.0,2390.5,2385.0,2390.5,JOLI FOU FM
100112205519W500,100/11-22-055-19W5/00,2390.5,2695.0,2390.5,2695.0,MANNVILLE GRP
100112205519W500,100/11-22-055-19W5/00,2695.0,2709.5,2695.0,2709.5,FERNIE GRP
100112205519W500,100/11-22-055-19W5/00,2709.5,2713.0,2709.5,2713.0,ROCK CREEK MBR
100112205519W500,100/11-22-055-19W5/00,2713.0,2720.8,2713.0,2720.8,POKER CHIP SH
100112205519W500,100/11-22-055-19W5/00,2720.8,2777.0,2720.8,2777.0,NORDEGG MBR
100112205519W500,100/11-22-055-19W5/00,2777.0,2797.0,2777.0,2797.0,TRIASSIC SYSTEM
100112205519W500,100/11-22-055-19W5/00,2797.0,2804.2,2797.0,2804.2,ELKTON MBR
100112205519W500,100/11-22-055-19W5/00,2804.2,2868.0,2804.2,2868.0,SHUNDA FM
100112205519W500,100/11-22-055-19W5/00,2868.0,2901.8,2868.0,2901.8,PEKISKO FM
100112205519W500,100/11-22-055-19W5/00,2901.8,3064.8,2901.8,3064.8,BANFF FM
100112205519W500,100/11-22-055-19W5/00,3064.8,3065.2,3064.8,3065.2,EXSHAW FM
100112205519W500,100/11-22-055-19W5/00,3065.2,3292.4,3065.2,3292.4,WABAMUN GRP
100112205519W500,100/11-22-055-19W5/00,3292.4,3430.0,3292.4,3430.0,WINTERBURN GRP
100112205519W500,100/11-22-055-19W5/00,3430.0,3462.0,3430.0,3462.0,IRETON FM
100112205519W500,100/11-22-055-19W5/00,3462.0,1000000.0,3462.0,1000000.0,LEDUC FM
100112305620W500,100/11-23-056-20W5/00,1785.0,1867.5,1785.0,1867.5,LEA PARK FM
100112305620W500,100/11-23-056-20W5/00,1867.5,2000.0,1867.5,2000.0,COLORADO GRP
100112305620W500,100/11-23-056-20W5/00,2000.0,2062.0,2000.0,2062.0,BADHEART FM
100112305620W500,100/11-23-056-20W5/00,2062.0,2094.0,2062.0,2094.0,CARDIUM FM
100112305620W500,100/11-23-056-20W5/00,2094.0,2140.0,2094.0,2140.0,CARDIUM SD
100112305620W500,100/11-23-056-20W5/00,2140.0,1000000.0,2140.0,1000000.0,KASKAPAU FM
100113105619W502,100/11-31-056-19W5/02,1850.5,1939.7,1850.5,1939.7,LEA PARK FM
100113105619W502,100/11-31-056-19W5/02,1939.7,2065.9,1939.7,2065.9,COLORADO GRP
100113105619W502,100/11-31-056-19W5/02,2065.9,2139.0,2065.9,2139.0,BADHEART FM
100113105619W502,100/11-31-056-19W5/02,2139.0,2157.3,2139.0,2157.3,CARDIUM FM
100113105619W502,100/11-31-056-19W5/02,2157.3,1000000.0,2157.3,1000000.0,CARDIUM SD
100120106519W502,100/12-01-065-19W5/02,805.6,865.9,805.6,865.9,LEA PARK FM
100120106519W502,100/12-01-065-19W5/02,865.9,954.6,865.9,954.6,COLORADO GRP
100120106519W502,100/12-01-065-19W5/02,954.6,1109.8,954.6,1109.8,BADHEART FM
100120106519W502,100/12-01-065-19W5/02,1109.8,1343.9,1109.8,1343.9,SECOND WHITE SPECKS
100120106519W502,100/12-01-065-19W5/02,1343.9,1398.1,1343.9,1398.1,BASE FISH SCALES MARKER
100120106519W502,100/12-01-065-19W5/02,1398.1,1425.2,1398.1,1425.2,VIKING SANDSTONE
100120106519W502,100/12-01-065-19W5/02,1425.2,1650.8,1425.2,1650.8,MANNVILLE GRP
100120106519W502,100/12-01-065-19W5/02,1650.8,1717.9,1650.8,1717.9,GETHING FM
100120106519W502,100/12-01-065-19W5/02,1717.9,1747.7,1717.9,1747.7,FERNIE GRP
100120106519W502,100/12-01-065-19W5/02,1747.7,1789.8,1747.7,1789.8,NORDEGG MBR
100120106519W502,100/12-01-065-19W5/02,1789.8,1836.1,1789.8,1836.1,MONTNEY FM
100120106519W502,100/12-01-065-19W5/02,1836.1,1897.4,1836.1,1897.4,DEBOLT FM
100120106519W502,100/12-01-065-19W5/02,1897.4,1960.5,1897.4,1960.5,SHUNDA FM
100120106519W502,100/12-01-065-19W5/02,1960.5,2017.8,1960.5,2017.8,PEKISKO FM
100120106519W502,100/12-01-065-19W5/02,2017.8,2219.2,2017.8,2219.2,BANFF FM
100120106519W502,100/12-01-065-19W5/02,2219.2,2222.3,2219.2,2222.3,EXSHAW FM
100120106519W502,100/12-01-065-19W5/02,2222.3,2486.6,2222.3,2486.6,WABAMUN GRP
100120106519W502,100/12-01-065-19W5/02,2486.6,2596.6,2486.6,2596.6,WINTERBURN GRP
100120106519W502,100/12-01-065-19W5/02,2596.6,2899.0,2596.6,2899.0,IRETON FM
100120106519W502,100/12-01-065-19W5/02,2899.0,2966.3,2899.0,2966.3,BEAVERHILL LAKE GRP
100120106519W502,100/12-01-065-19W5/02,2966.3,3014.8,2966.3,3014.8,SWAN HILLS MBR
100120106519W502,100/12-01-065-19W5/02,3014.8,1000000.0,3014.8,1000000.0,WATT MTN FM
100120205619W500,100/12-02-056-19W5/00,1626.0,1730.5,1626.0,1730.5,LEA PARK FM
100120205619W500,100/12-02-056-19W5/00,1730.5,1861.0,1730.5,1861.0,COLORADO GRP
100120205619W500,100/12-02-056-19W5/00,1861.0,1923.0,1861.0,1923.0,BADHEART FM
100120205619W500,100/12-02-056-19W5/00,1923.0,1956.0,1923.0,1956.0,CARDIUM FM
100120205619W500,100/12-02-056-19W5/00,1956.0,2068.3,1956.0,2068.3,CARDIUM SD
100120205619W500,100/12-02-056-19W5/00,2068.3,1000000.0,2068.3,1000000.0,SECOND WHITE SPECKS
100120205619W502,100/12-02-056-19W5/02,1626.0,1730.5,1626.0,1730.5,LEA PARK FM
100120205619W502,100/12-02-056-19W5/02,1730.5,1861.0,1730.5,1861.0,COLORADO GRP
100120205619W502,100/12-02-056-19W5/02,1861.0,1923.0,1861.0,1923.0,BADHEART FM
100120205619W502,100/12-02-056-19W5/02,1923.0,1956.0,1923.0,1956.0,CARDIUM FM
100120205619W502,100/12-02-056-19W5/02,1956.0,2068.3,1956.0,2068.3,CARDIUM SD
100120205619W502,100/12-02-056-19W5/02,2068.3,1000000.0,2068.3,1000000.0,SECOND WHITE SPECKS
100120605319W500,100/12-06-053-19W5/00,0.0,1000000.0,2339.09,1000000.0,BLACKSTONE FM
100120605319W500,100/12-06-053-19W5/00,0.0,0.0,2301.9,2339.09,CARDIUM SD
100120605319W500,100/12-06-053-19W5/00,0.0,0.0,2283.21,2301.9,CARDIUM FM
100120605319W500,100/12-06-053-19W5/00,0.0,0.0,2133.15,2283.21,MUSKIKI FM
100120605319W500,100/12-06-053-19W5/00,0.0,0.0,2113.64,2133.15,BADHEART FM
100120605319W500,100/12-06-053-19W5/00,0.0,0.0,1835.41,2113.64,LEA PARK FM
100120905518W500,100/12-09-055-18W5/00,1268.6,1574.0,1268.6,1574.0,BELLY RIVER GRP
100120905518W500,100/12-09-055-18W5/00,1574.0,1683.7,1574.0,1683.7,LEA PARK FM
100120905518W500,100/12-09-055-18W5/00,1683.7,1786.7,1683.7,1786.7,COLORADO GRP
100120905518W500,100/12-09-055-18W5/00,1786.7,1853.2,1786.7,1853.2,BADHEART FM
100120905518W500,100/12-09-055-18W5/00,1853.2,1879.1,1853.2,1879.1,CARDIUM FM
100120905518W500,100/12-09-055-18W5/00,1879.1,1000000.0,1879.1,1000000.0,CARDIUM SD
100121905518W500,100/12-19-055-18W5/00,1292.0,1616.0,1292.0,1616.0,BELLY RIVER GRP
100121905518W500,100/12-19-055-18W5/00,1616.0,1727.0,1616.0,1727.0,LEA PARK FM
100121905518W500,100/12-19-055-18W5/00,1727.0,1831.5,1727.0,1831.5,COLORADO GRP
100121905518W500,100/12-19-055-18W5/00,1831.5,1897.0,1831.5,1897.0,BADHEART FM
100121905518W500,100/12-19-055-18W5/00,1897.0,1925.0,1897.0,1925.0,CARDIUM FM
100121905518W500,100/12-19-055-18W5/00,1925.0,1957.0,1925.0,1957.0,CARDIUM SD
100121905518W500,100/12-19-055-18W5/00,1957.0,1000000.0,1957.0,1000000.0,BLACKSTONE FM
100121906419W500,100/12-19-064-19W5/00,815.0,902.5,815.0,902.5,LEA PARK FM
100121906419W500,100/12-19-064-19W5/00,902.5,979.0,902.5,979.0,COLORADO GRP
100121906419W500,100/12-19-064-19W5/00,979.0,989.0,979.0,989.0,BADHEART FM
100121906419W500,100/12-19-064-19W5/00,989.0,1049.0,989.0,1049.0,MUSKIKI FM
100121906419W500,100/12-19-064-19W5/00,1049.0,1059.5,1049.0,1059.5,CARDIUM FM
100121906419W500,100/12-19-064-19W5/00,1059.5,1079.0,1059.5,1079.0,CARDIUM SD
100121906419W500,100/12-19-064-19W5/00,1079.0,1159.0,1079.0,1159.0,KASKAPAU FM
100121906419W500,100/12-19-064-19W5/00,1159.0,1385.0,1159.0,1385.0,SECOND WHITE SPECKS
100121906419W500,100/12-19-064-19W5/00,1385.0,1429.5,1385.0,1429.5,BASE FISH SCALES MARKER
100121906419W500,100/12-19-064-19W5/00,1429.5,1460.0,1429.5,1460.0,VIKING FM
100121906419W500,100/12-19-064-19W5/00,1460.0,1467.5,1460.0,1467.5,JOLI FOU FM
100121906419W500,100/12-19-064-19W5/00,1467.5,1704.0,1467.5,1704.0,MANNVILLE GRP
100121906419W500,100/12-19-064-19W5/00,1704.0,1724.5,1704.0,1724.5,BLUESKY FM
100121906419W500,100/12-19-064-19W5/00,1724.5,1000000.0,1724.5,1000000.0,GETHING FM
100122306419W500,100/12-23-064-19W5/00,779.1,860.8,779.1,860.8,WAPIABI FM
100122306419W500,100/12-23-064-19W5/00,860.8,940.0,860.8,940.0,COLORADO GRP
100122306419W500,100/12-23-064-19W5/00,940.0,1019.6,940.0,1019.6,BADHEART FM
100122306419W500,100/12-23-064-19W5/00,1019.6,1114.3,1019.6,1114.3,CARDIUM SD
100122306419W500,100/12-23-064-19W5/00,1114.3,1335.0,1114.3,1335.0,SECOND WHITE SPECKS
100122306419W500,100/12-23-064-19W5/00,1335.0,1384.1,1335.0,1384.1,BASE FISH SCALES MARKER
100122306419W500,100/12-23-064-19W5/00,1384.1,1413.4,1384.1,1413.4,VIKING SANDSTONE
100122306419W500,100/12-23-064-19W5/00,1413.4,1645.82,1413.4,1645.9,BLAIRMORE GRP
100122306419W500,100/12-23-064-19W5/00,1645.82,1714.8,1645.9,1714.8,GETHING FM
100122306419W500,100/12-23-064-19W5/00,1714.8,1740.4,1714.8,1740.4,FERNIE GRP
100122306419W500,100/12-23-064-19W5/00,1740.4,1781.3,1740.4,1781.3,NORDEGG MBR
100122306419W500,100/12-23-064-19W5/00,1781.3,1831.5,1781.3,1831.5,TRIASSIC SYSTEM
100122306419W500,100/12-23-064-19W5/00,1831.5,1959.9,1831.5,1959.9,MISSISSIPPIAN SYSTEM
100122306419W500,100/12-23-064-19W5/00,1959.9,2005.9,1959.9,2005.9,PEKISKO FM
100122306419W500,100/12-23-064-19W5/00,2005.9,2203.7,2005.9,2203.7,BANFF FM
100122306419W500,100/12-23-064-19W5/00,2203.7,2431.4,2203.7,2446.0,WABAMUN GRP
100122306419W500,100/12-23-064-19W5/00,2431.4,2618.5,2446.0,2624.9,WINTERBURN GRP
100122306419W500,100/12-23-064-19W5/00,2618.5,2821.2,2624.9,2831.3,IRETON FM
100122306419W500,100/12-23-064-19W5/00,2821.2,2876.7,2831.3,2888.0,DUVERNAY FM
100122306419W500,100/12-23-064-19W5/00,2876.7,2943.8,2888.0,2955.6,BEAVERHILL LAKE GRP
100122306419W500,100/12-23-064-19W5/00,2943.8,1000000.0,2955.6,1000000.0,SWAN HILLS MBR
100123005518W500,100/12-30-055-18W5/00,1272.0,1626.2,1272.0,1626.2,BELLY RIVER GRP
100123005518W500,100/12-30-055-18W5/00,1626.2,1737.5,1626.2,1737.5,LEA PARK FM
100123005518W500,100/12-30-055-18W5/00,1737.5,1842.0,1737.5,1842.0,COLORADO GRP
100123005518W500,100/12-30-055-18W5/00,1842.0,1907.5,1842.0,1907.5,BADHEART FM
100123005518W500,100/12-30-055-18W5/00,1907.5,1935.5,1907.5,1935.5,CARDIUM FM
100123005518W500,100/12-30-055-18W5/00,1935.5,1000000.0,1935.5,1000000.0,CARDIUM SD
100133305418W500,100/13-33-054-18W5/00,1220.7,1519.2,1220.7,1519.2,BELLY RIVER GRP
100133305418W500,100/13-33-054-18W5/00,1519.2,1655.0,1519.2,1655.0,LEA PARK FM
100133305418W500,100/13-33-054-18W5/00,1655.0,1759.0,1655.0,1759.0,COLORADO GRP
100133305418W500,100/13-33-054-18W5/00,1759.0,1826.0,1759.0,1826.0,BADHEART FM
100133305418W500,100/13-33-054-18W5/00,1826.0,1853.2,1826.0,1853.2,CARDIUM FM
100133305418W500,100/13-33-054-18W5/00,1853.2,1000000.0,1853.2,1000000.0,CARDIUM SD
100133405818W500,100/13-34-058-18W5/00,1927.0,1968.0,2062.5,2103.5,BASE FISH SCALES MARKER
100133405818W500,100/13-34-058-18W5/00,1968.0,1999.0,2103.5,2134.5,VIKING SANDSTONE
100133405818W500,100/13-34-058-18W5/00,1999.0,2210.5,2134.5,2347.0,MANNVILLE GRP
100133405818W500,100/13-34-058-18W5/00,2210.5,2220.0,2347.0,2356.5,BLUESKY FM
100133405818W500,100/13-34-058-18W5/00,2220.0,2290.0,2356.5,2427.0,GETHING FM
100133405818W500,100/13-34-058-18W5/00,2290.0,1000000.0,2427.0,1000000.0,FERNIE GRP
100133405818W502,100/13-34-058-18W5/02,1927.0,1968.0,2062.5,2103.5,BASE FISH SCALES MARKER
100133405818W502,100/13-34-058-18W5/02,1968.0,1999.0,2103.5,2134.5,VIKING SANDSTONE
100133405818W502,100/13-34-058-18W5/02,1999.0,2210.5,2134.5,2347.0,MANNVILLE GRP
100133405818W502,100/13-34-058-18W5/02,2210.5,2220.0,2347.0,2356.5,BLUESKY FM
100133405818W502,100/13-34-058-18W5/02,2220.0,2290.0,2356.5,2427.0,GETHING FM
100133405818W502,100/13-34-058-18W5/02,2290.0,1000000.0,2427.0,1000000.0,FERNIE GRP
100140405518W500,100/14-04-055-18W5/00,1018.5,1544.7,1018.5,1544.7,BELLY RIVER GRP
100140405518W500,100/14-04-055-18W5/00,1544.7,1658.5,1544.7,1658.5,LEA PARK FM
100140405518W500,100/14-04-055-18W5/00,1658.5,1829.0,1658.5,1829.0,COLORADO GRP
100140405518W500,100/14-04-055-18W5/00,1829.0,1856.0,1829.0,1856.0,CARDIUM FM
100140405518W500,100/14-04-055-18W5/00,1856.0,1000000.0,1856.0,1000000.0,CARDIUM SD
100140406021W502,100/14-04-060-21W5/02,1408.96,1517.96,1408.96,1517.96,LEA PARK FM
100140406021W502,100/14-04-060-21W5/02,1517.96,1601.35,1517.96,1601.35,COLORADO GRP
100140406021W502,100/14-04-060-21W5/02,1601.35,1672.46,1601.35,1672.46,BADHEART FM
100140406021W502,100/14-04-060-21W5/02,1672.46,1701.96,1672.46,1701.96,CARDIUM FM
100140406021W502,100/14-04-060-21W5/02,1701.96,1795.27,1701.96,1795.27,CARDIUM SD
100140406021W502,100/14-04-060-21W5/02,1795.27,1948.48,1795.27,1948.48,SECOND WHITE SPECKS
100140406021W502,100/14-04-060-21W5/02,1948.48,2078.52,1948.48,2078.52,DUNVEGAN FM
100140406021W502,100/14-04-060-21W5/02,2078.52,2117.49,2078.52,2117.49,BASE FISH SCALES MARKER
100140406021W502,100/14-04-060-21W5/02,2117.49,2151.4,2117.49,2151.4,VIKING SANDSTONE
100140406021W502,100/14-04-060-21W5/02,2151.4,2369.09,2151.4,2369.09,MANNVILLE GRP
100140406021W502,100/14-04-060-21W5/02,2369.09,2387.86,2369.09,2387.86,BLUESKY FM
100140406021W502,100/14-04-060-21W5/02,2387.86,2482.04,2387.86,2482.04,GETHING FM
100140406021W502,100/14-04-060-21W5/02,2482.04,1000000.0,2482.04,1000000.0,CADOMIN FM
100140706022W500,100/14-07-060-22W5/00,1100.0,1522.0,1100.0,1522.0,BELLY RIVER GRP
100140706022W500,100/14-07-060-22W5/00,1522.0,1614.0,1522.0,1614.0,LEA PARK FM
100140706022W500,100/14-07-060-22W5/00,1614.0,1719.5,1614.0,1719.5,COLORADO GRP
100140706022W500,100/14-07-060-22W5/00,1719.5,1777.5,1719.5,1777.5,BADHEART FM
100140706022W500,100/14-07-060-22W5/00,1777.5,1805.5,1777.5,1805.5,CARDIUM FM
100140706022W500,100/14-07-060-22W5/00,1805.5,1844.0,1805.5,1844.0,CARDIUM SD
100140706022W500,100/14-07-060-22W5/00,1844.0,1000000.0,1844.0,1000000.0,BLACKSTONE FM
100140805518W500,100/14-08-055-18W5/00,1140.0,1567.0,1140.0,1567.0,BELLY RIVER GRP
100140805518W500,100/14-08-055-18W5/00,1567.0,1672.8,1567.0,1672.8,LEA PARK FM
100140805518W500,100/14-08-055-18W5/00,1672.8,1844.0,1672.8,1844.0,COLORADO GRP
100140805518W500,100/14-08-055-18W5/00,1844.0,1874.9,1844.0,1874.9,CARDIUM FM
100140805518W500,100/14-08-055-18W5/00,1874.9,1000000.0,1874.9,1000000.0,CARDIUM SD
100142705620W502,100/14-27-056-20W5/02,1676.0,1767.5,1676.0,1767.5,LEA PARK FM
100142705620W502,100/14-27-056-20W5/02,1767.5,1900.2,1767.5,1900.2,COLORADO GRP
100142705620W502,100/14-27-056-20W5/02,1900.2,1979.0,1900.2,1979.0,BADHEART FM
100142705620W502,100/14-27-056-20W5/02,1979.0,1996.0,1979.0,1996.0,CARDIUM FM
100142705620W502,100/14-27-056-20W5/02,1996.0,2036.0,1996.0,2036.0,CARDIUM SD
100142705620W502,100/14-27-056-20W5/02,2036.0,2163.0,2036.0,2163.0,KASKAPAU FM
100142705620W502,100/14-27-056-20W5/02,2163.0,1000000.0,2163.0,1000000.0,SECOND WHITE SPECKS
100143205514W500,100/14-32-055-14W5/00,1309.0,1396.0,1309.0,1396.0,LEA PARK FM
100143205514W500,100/14-32-055-14W5/00,1396.0,1543.5,1396.0,1543.5,BADHEART FM
100143205514W500,100/14-32-055-14W5/00,1543.5,1562.0,1543.5,1562.0,CARDIUM FM
100143205514W500,100/14-32-055-14W5/00,1562.0,1571.0,1562.0,1571.0,CARDIUM SD
100143205514W500,100/14-32-055-14W5/00,1571.0,1680.0,1571.0,1680.0,KASKAPAU FM
100143205514W500,100/14-32-055-14W5/00,1680.0,1844.5,1680.0,1844.5,SECOND WHITE SPECKS
100143205514W500,100/14-32-055-14W5/00,1844.5,1887.0,1844.5,1887.0,BASE FISH SCALES MARKER
100143205514W500,100/14-32-055-14W5/00,1887.0,1910.0,1887.0,1910.0,VIKING FM
100143205514W500,100/14-32-055-14W5/00,1910.0,1923.5,1910.0,1923.5,JOLI FOU FM
100143205514W500,100/14-32-055-14W5/00,1923.5,1000000.0,1923.5,1000000.0,MANNVILLE GRP
100151206023W500,100/15-12-060-23W5/00,1741.35,1759.57,1744.19,1764.87,BADHEART FM
100151206023W500,100/15-12-060-23W5/00,1759.57,1800.88,1764.87,1821.2,MUSKIKI FM
100151206023W500,100/15-12-060-23W5/00,1800.88,1814.99,1821.2,1844.5,CARDIUM FM
100151206023W500,100/15-12-060-23W5/00,1814.99,1000000.0,1844.5,1000000.0,CARDIUM SD
100152205216W500,100/15-22-052-16W5/00,1258.8,1522.2,1258.8,1522.2,BELLY RIVER GRP
100152205216W500,100/15-22-052-16W5/00,1522.2,1662.4,1522.2,1662.4,LEA PARK FM
100152205216W500,100/15-22-052-16W5/00,1662.4,1767.8,1662.4,1767.8,COLORADO GRP
100152205216W500,100/15-22-052-16W5/00,1767.8,1836.4,1767.8,1836.4,BADHEART FM
100152205216W500,100/15-22-052-16W5/00,1836.4,1867.8,1836.4,1867.8,CARDIUM FM
100152205216W500,100/15-22-052-16W5/00,1867.8,1000000.0,1867.8,1000000.0,CARDIUM SD
100152805418W500,100/15-28-054-18W5/00,1205.5,1531.0,1205.5,1531.0,BELLY RIVER GRP
100152805418W500,100/15-28-054-18W5/00,1531.0,1645.0,1531.0,1645.0,LEA PARK FM
100152805418W500,100/15-28-054-18W5/00,1645.0,1749.0,1645.0,1749.0,COLORADO GRP
100152805418W500,100/15-28-054-18W5/00,1749.0,1816.0,1749.0,1816.0,BADHEART FM
100152805418W500,100/15-28-054-18W5/00,1816.0,1843.0,1816.0,1843.0,CARDIUM FM
100152805418W500,100/15-28-054-18W5/00,1843.0,1000000.0,1843.0,1000000.0,CARDIUM SD
100153205418W500,100/15-32-054-18W5/00,1511.4,1661.0,1511.4,1661.0,LEA PARK FM
100153205418W500,100/15-32-054-18W5/00,1661.0,1831.4,1661.0,1831.4,COLORADO GRP
100153205418W500,100/15-32-054-18W5/00,1831.4,1858.1,1831.4,1858.1,CARDIUM FM
100153205418W500,100/15-32-054-18W5/00,1858.1,1000000.0,1858.1,1000000.0,CARDIUM SD
100160505518W500,100/16-05-055-18W5/00,1555.0,1668.0,1555.0,1668.0,LEA PARK FM
100160505518W500,100/16-05-055-18W5/00,1668.0,1773.5,1668.0,1773.5,COLORADO GRP
100160505518W500,100/16-05-055-18W5/00,1773.5,1840.0,1773.5,1840.0,BADHEART FM
100160505518W500,100/16-05-055-18W5/00,1840.0,1867.0,1840.0,1867.0,CARDIUM FM
100160505518W500,100/16-05-055-18W5/00,1867.0,1905.0,1867.0,1905.0,CARDIUM SD
100160505518W500,100/16-05-055-18W5/00,1905.0,1000000.0,1905.0,1000000.0,BLACKSTONE FM
100161605619W500,100/16-16-056-19W5/00,1457.6,1722.4,1457.6,1722.4,BELLY RIVER GRP
100161605619W500,100/16-16-056-19W5/00,1722.4,1817.8,1722.4,1817.8,LEA PARK FM
100161605619W500,100/16-16-056-19W5/00,1817.8,1950.4,1817.8,1950.4,COLORADO GRP
100161605619W500,100/16-16-056-19W5/00,1950.4,2025.4,1950.4,2025.4,BADHEART FM
100161605619W500,100/16-16-056-19W5/00,2025.4,2044.9,2025.4,2044.9,CARDIUM FM
100161605619W500,100/16-16-056-19W5/00,2044.9,2156.2,2044.9,2156.2,CARDIUM SD
100161605619W500,100/16-16-056-19W5/00,2156.2,1000000.0,2156.2,1000000.0,SECOND WHITE SPECKS
100161805518W500,100/16-18-055-18W5/00,1317.0,1624.0,1317.0,1624.0,BELLY RIVER GRP
100161805518W500,100/16-18-055-18W5/00,1624.0,1732.0,1624.0,1732.0,LEA PARK FM
100161805518W500,100/16-18-055-18W5/00,1732.0,1836.0,1732.0,1836.0,COLORADO GRP
100161805518W500,100/16-18-055-18W5/00,1836.0,1901.0,1836.0,1901.0,BADHEART FM
100161805518W500,100/16-18-055-18W5/00,1901.0,1925.0,1901.0,1925.0,CARDIUM FM
100161805518W500,100/16-18-055-18W5/00,1925.0,2047.0,1925.0,2047.0,CARDIUM SD
100161805518W500,100/16-18-055-18W5/00,2047.0,1000000.0,2047.0,1000000.0,SECOND WHITE SPECKS
100161905320W500,100/16-19-053-20W5/00,1812.62,2060.01,1893.4,2165.87,LEA PARK FM
100161905320W500,100/16-19-053-20W5/00,2060.01,2079.57,2165.87,2187.48,BADHEART FM
100161905320W500,100/16-19-053-20W5/00,2079.57,2163.81,2187.48,2278.82,MUSKIKI FM
100161905320W500,100/16-19-053-20W5/00,2163.81,2175.61,2278.82,2291.42,CARDIUM FM
100161905320W500,100/16-19-053-20W5/00,2175.61,2202.64,2291.42,2320.2,CARDIUM SD
100161905320W500,100/16-19-053-20W5/00,2202.64,1000000.0,2320.2,1000000.0,BLACKSTONE FM
100163105619W502,100/16-31-056-19W5/02,1825.0,2143.0,1825.0,2143.0,LEA PARK FM
100163105619W502,100/16-31-056-19W5/02,2143.0,2500.0,2143.0,2500.0,CARDIUM SD
100163105619W502,100/16-31-056-19W5/02,2500.0,2538.0,2500.0,2538.0,BASE FISH SCALES MARKER
100163105619W502,100/16-31-056-19W5/02,2538.0,2557.5,2538.0,2557.5,VIKING SANDSTONE
100163105619W502,100/16-31-056-19W5/02,2557.5,2563.0,2557.5,2563.0,JOLI FOU FM
100163105619W502,100/16-31-056-19W5/02,2563.0,2776.5,2563.0,2776.5,MANNVILLE GRP
100163105619W502,100/16-31-056-19W5/02,2776.5,2790.0,2776.5,2790.0,BLUESKY FM
100163105619W502,100/16-31-056-19W5/02,2790.0,2872.5,2790.0,2872.5,GETHING FM
100163105619W502,100/16-31-056-19W5/02,2872.5,2904.0,2872.5,2904.0,FERNIE GRP
100163105619W502,100/16-31-056-19W5/02,2904.0,2955.0,2904.0,2955.0,NORDEGG MBR
100163105619W502,100/16-31-056-19W5/02,2955.0,2995.0,2955.0,2995.0,MONTNEY FM
100163105619W502,100/16-31-056-19W5/02,2995.0,1000000.0,2995.0,1000000.0,DEBOLT FM
102011206420W500,102/01-12-064-20W5/00,1440.19,1486.71,1440.19,1486.71,BASE FISH SCALES MARKER
102011206420W500,102/01-12-064-20W5/00,1486.71,1499.44,1486.71,1499.44,PEACE RIVER FM
102011206420W500,102/01-12-064-20W5/00,1499.44,1511.79,1499.44,1511.79,HARMON MBR
102011206420W500,102/01-12-064-20W5/00,1511.79,1000000.0,1511.79,1000000.0,SPIRIT RIVER FM
102062105217W500,102/06-21-052-17W5/00,1950.0,1981.5,1950.0,1981.5,CARDIUM FM
102062105217W500,102/06-21-052-17W5/00,1981.5,2576.0,1981.5,2576.0,CARDIUM SD
102062105217W500,102/06-21-052-17W5/00,2576.0,2600.0,2576.0,2600.0,BLUESKY FM
102062105217W500,102/06-21-052-17W5/00,2600.0,1000000.0,2600.0,1000000.0,GETHING FM
102100205918W500,102/10-02-059-18W5/00,1271.2,1362.81,1271.54,1364.61,LEA PARK FM
102100205918W500,102/10-02-059-18W5/00,1362.81,1441.0,1364.61,1441.72,COLORADO GRP
102100205918W500,102/10-02-059-18W5/00,1441.0,1520.84,1441.72,1521.05,BADHEART FM
102100205918W500,102/10-02-059-18W5/00,1520.84,1853.16,1521.05,1853.97,CARDIUM SD
102100205918W500,102/10-02-059-18W5/00,1853.16,1890.4,1853.97,1890.99,BASE FISH SCALES MARKER
102100205918W500,102/10-02-059-18W5/00,1890.4,1922.13,1890.99,1922.84,PEACE RIVER FM
102100205918W500,102/10-02-059-18W5/00,1922.13,1957.84,1922.84,1959.14,NOTIKEWIN MBR
102100205918W500,102/10-02-059-18W5/00,1957.84,2073.93,1959.14,2076.02,FALHER MBR
102100205918W500,102/10-02-059-18W5/00,2073.93,2137.35,2076.02,2143.3,WILRICH MBR
102100205918W500,102/10-02-059-18W5/00,2137.35,2160.28,2143.3,2166.75,BLUESKY FM
102100205918W500,102/10-02-059-18W5/00,2160.28,2216.11,2166.75,2227.3,GETHING FM
102100205918W500,102/10-02-059-18W5/00,2216.11,1000000.0,2227.3,1000000.0,FERNIE GRP
102100205918W502,102/10-02-059-18W5/02,1271.2,1362.81,1271.54,1364.61,LEA PARK FM
102100205918W502,102/10-02-059-18W5/02,1362.81,1441.0,1364.61,1441.72,COLORADO GRP
102100205918W502,102/10-02-059-18W5/02,1441.0,1520.84,1441.72,1521.05,BADHEART FM
102100205918W502,102/10-02-059-18W5/02,1520.84,1853.16,1521.05,1853.97,CARDIUM SD
102100205918W502,102/10-02-059-18W5/02,1853.16,1890.4,1853.97,1890.99,BASE FISH SCALES MARKER
102100205918W502,102/10-02-059-18W5/02,1890.4,1922.13,1890.99,1922.84,PEACE RIVER FM
102100205918W502,102/10-02-059-18W5/02,1922.13,1957.84,1922.84,1959.14,NOTIKEWIN MBR
102100205918W502,102/10-02-059-18W5/02,1957.84,2073.93,1959.14,2076.02,FALHER MBR
102100205918W502,102/10-02-059-18W5/02,2073.93,2137.35,2076.02,2143.3,WILRICH MBR
102100205918W502,102/10-02-059-18W5/02,2137.35,2160.28,2143.3,2166.75,BLUESKY FM
102100205918W502,102/10-02-059-18W5/02,2160.28,2216.11,2166.75,2227.3,GETHING FM
102100205918W502,102/10-02-059-18W5/02,2216.11,1000000.0,2227.3,1000000.0,FERNIE GRP
102100705318W500,102/10-07-053-18W5/00,1632.5,1772.5,1632.5,1772.5,LEA PARK FM
102100705318W500,102/10-07-053-18W5/00,1772.5,1892.0,1772.5,1892.0,COLORADO GRP
102100705318W500,102/10-07-053-18W5/00,1892.0,1977.0,1892.0,1977.0,BADHEART FM
102100705318W500,102/10-07-053-18W5/00,1977.0,2001.0,1977.0,2001.0,CARDIUM FM
102100705318W500,102/10-07-053-18W5/00,2001.0,2133.0,2001.0,2133.0,CARDIUM SD
102100705318W500,102/10-07-053-18W5/00,2133.0,1000000.0,2133.0,1000000.0,SECOND WHITE SPECKS
