uwi,formatted uwi,date,top measure (m) (m),bottom measure (m) (m),formation,treatment
100010105720W500,100/01-01-057-20W5/00,1981-01-23,2170.0,2174.0,CARDIUM SD,JET PERFORATION
100010105720W500,100/01-01-057-20W5/00,1981-01-23,2177.5,2181.0,CARDIUM SD,JET PERFORATION
100010105720W500,100/01-01-057-20W5/00,1981-01-27,2170.0,2181.0,CARDIUM SD,FRACTURED
100010105720W500,100/01-01-057-20W5/00,1981-02-01,2153.0,2155.0,CARDIUM SD,JET PERFORATION
100010105720W500,100/01-01-057-20W5/00,1981-02-04,2153.0,2155.0,CARDIUM SD,FRACTURED
100010205720W500,100/01-02-057-20W5/00,1981-04-30,2129.19,2130.19,CARDIUM SD,JET PERFORATION
100010205720W500,100/01-02-057-20W5/00,1981-04-30,2145.5,2146.5,CARDIUM SD,JET PERFORATION
100010205720W500,100/01-02-057-20W5/00,1981-05-01,2129.19,2146.5,CARDIUM SD,ACID SQUEEZE - PRESS USED
100010205720W500,100/01-02-057-20W5/00,1981-05-02,2129.19,2146.5,CARDIUM SD,FRACTURED
100010205720W500,100/01-02-057-20W5/00,1981-05-08,2152.0,2154.0,CARDIUM SD,JET PERFORATION
100010205922W500,100/01-02-059-22W5/00,2009-10-04,2152.0,2152.1,,FRACTURED
100010205922W500,100/01-02-059-22W5/00,2009-10-04,2220.2,2220.3,,FRACTURED
100010205922W500,100/01-02-059-22W5/00,2009-10-04,2288.1,2288.2,,FRACTURED
100010205922W500,100/01-02-059-22W5/00,2009-10-04,2356.4,2356.5,,FRACTURED
100010205922W500,100/01-02-059-22W5/00,2009-10-04,2431.8,2431.9,,FRACTURED
100010205922W500,100/01-02-059-22W5/00,2009-10-04,2483.4,2483.5,,FRACTURED
100010806021W500,100/01-08-060-21W5/00,2006-08-03,2453.0,2459.0,GETHING FM,JET PERFORATION
100010806021W500,100/01-08-060-21W5/00,2006-08-04,2453.0,2459.0,GETHING FM,FRACTURED
100010806021W500,100/01-08-060-21W5/00,2010-08-31,2276.0,2278.0,SPIRIT RIVER FM,JET PERFORATION
100010806021W500,100/01-08-060-21W5/00,2010-09-01,2184.0,2185.0,SPIRIT RIVER FM,JET PERFORATION
100010806021W500,100/01-08-060-21W5/00,2010-09-06,2184.0,2185.0,SPIRIT RIVER FM,FRACTURED
100010806021W500,100/01-08-060-21W5/00,2010-09-06,2276.0,2278.0,SPIRIT RIVER FM,FRACTURED
100011105720W503,100/01-11-057-20W5/03,1981-11-24,2119.8,2120.8,,JET PERFORATION
100011105720W503,100/01-11-057-20W5/03,1981-11-24,2137.0,2138.0,,JET PERFORATION
100011105720W503,100/01-11-057-20W5/03,1981-11-26,2119.8,2138.0,,ACID SQUEEZE - PRESS USED
100011105720W503,100/01-11-057-20W5/03,1981-11-27,2119.8,2138.0,,FRACTURED
100011105720W503,100/01-11-057-20W5/03,1981-11-30,2143.0,2144.0,,JET PERFORATION
100011105720W503,100/01-11-057-20W5/03,1995-09-20,2119.8,2144.0,,CEMENT SQUEEZE
100011105720W503,100/01-11-057-20W5/03,1995-11-02,2576.0,2582.2,MANNVILLE GRP,JET PERFORATION
100011105720W503,100/01-11-057-20W5/03,1995-11-02,2580.8,2587.0,MANNVILLE GRP,JET PERFORATION
100011105720W503,100/01-11-057-20W5/03,1995-11-03,2576.0,2587.0,MANNVILLE GRP,FRACTURED
100011105720W503,100/01-11-057-20W5/03,1995-11-08,2562.0,0.0,MANNVILLE GRP,HISTORICAL
100011105720W503,100/01-11-057-20W5/03,1996-01-11,2330.0,2350.0,SECOND WHITE SPECKS,JET PERFORATION
100011105720W503,100/01-11-057-20W5/03,1996-01-15,2330.0,2350.0,SECOND WHITE SPECKS,ACID SQUEEZE - PRESS USED
100011105720W503,100/01-11-057-20W5/03,1996-01-19,2326.1,0.0,SECOND WHITE SPECKS,PACKER
100011105720W503,100/01-11-057-20W5/03,2002-01-28,2120.0,2122.0,,JET PERFORATION
100011105720W503,100/01-11-057-20W5/03,2002-01-28,2137.0,2140.0,,JET PERFORATION
100011105720W503,100/01-11-057-20W5/03,2002-02-01,2120.0,2140.0,,FRACTURED
100011905518W500,100/01-19-055-18W5/00,1981-09-12,1906.0,1907.5,CARDIUM SD,JET PERFORATION
100011905518W500,100/01-19-055-18W5/00,1981-09-12,1927.0,1928.0,CARDIUM SD,JET PERFORATION
100011905518W500,100/01-19-055-18W5/00,1981-09-12,1932.5,1934.0,CARDIUM SD,JET PERFORATION
100011905518W500,100/01-19-055-18W5/00,1981-09-13,1906.0,1934.0,CARDIUM SD,CHEMICAL SQUEEZE
100011905518W500,100/01-19-055-18W5/00,2001-03-14,1932.0,1934.5,CARDIUM SD,JET PERFORATION
100012805720W500,100/01-28-057-20W5/00,2009-12-29,3042.0,3043.0,,OPEN-HOLE COMPLETION
100012805720W500,100/01-28-057-20W5/00,2010-01-10,2108.69,2108.8,,FRACTURED
100012805720W500,100/01-28-057-20W5/00,2010-01-10,2221.9,2222.0,,FRACTURED
100012805720W500,100/01-28-057-20W5/00,2010-01-10,2334.8,2334.9,,FRACTURED
100012805720W500,100/01-28-057-20W5/00,2010-01-10,2448.3,2448.4,,FRACTURED
100012805720W500,100/01-28-057-20W5/00,2010-01-10,2561.9,2562.0,,FRACTURED
100012805720W500,100/01-28-057-20W5/00,2010-01-10,2675.4,2675.5,,FRACTURED
100012805720W500,100/01-28-057-20W5/00,2010-01-10,2788.9,2789.0,,FRACTURED
100012805720W500,100/01-28-057-20W5/00,2010-01-10,2901.9,2902.0,,FRACTURED
100012805720W500,100/01-28-057-20W5/00,2010-01-10,3015.0,3015.1,,FRACTURED
100013505419W502,100/01-35-054-19W5/02,2000-06-07,2360.0,2368.0,BASE FISH SCALES MARKER,JET PERFORATION
100013505419W502,100/01-35-054-19W5/02,2000-06-08,1972.1,0.0,CARDIUM SD,PACKER
100013505419W502,100/01-35-054-19W5/02,2000-06-08,1978.0,1979.5,CARDIUM SD,JET PERFORATION
100013505419W502,100/01-35-054-19W5/02,2000-06-08,2346.0,2354.0,BASE FISH SCALES MARKER,BRIDGE PLUG CAPPED W/CEMENT
100013505419W502,100/01-35-054-19W5/02,2000-06-08,2354.0,0.0,BASE FISH SCALES MARKER,BRIDGE PLUG
100013505419W502,100/01-35-054-19W5/02,2000-06-28,1978.0,1979.5,CARDIUM SD,FRACTURED
100013505419W502,100/01-35-054-19W5/02,2000-06-30,1960.0,1963.5,CARDIUM SD,JET PERFORATION
100013505419W502,100/01-35-054-19W5/02,2000-07-01,1960.0,1963.5,CARDIUM SD,FRACTURED
100021705518W500,100/02-17-055-18W5/00,1980-11-20,1869.0,1876.0,CARDIUM SD,JET PERFORATION
100021705518W500,100/02-17-055-18W5/00,1980-11-20,1880.0,1881.0,CARDIUM SD,JET PERFORATION
100021705518W500,100/02-17-055-18W5/00,1980-11-26,1849.0,1853.0,CARDIUM SD,JET PERFORATION
100021705518W500,100/02-17-055-18W5/00,1980-11-28,1849.0,1853.0,CARDIUM SD,FRACTURED
100021905320W500,100/02-19-053-20W5/00,2001-03-22,2205.0,2210.0,CARDIUM SD,JET PERFORATION
100021905320W500,100/02-19-053-20W5/00,2001-03-22,2213.5,2217.2,CARDIUM SD,JET PERFORATION
100021905320W500,100/02-19-053-20W5/00,2001-03-23,2205.0,2210.0,CARDIUM SD,FRACTURED
100021905320W500,100/02-19-053-20W5/00,2001-03-23,2213.5,2217.2,CARDIUM SD,FRACTURED
100021905320W500,100/02-19-053-20W5/00,2001-03-27,2184.0,2186.0,CARDIUM FM,JET PERFORATION
100021905320W500,100/02-19-053-20W5/00,2001-03-28,2184.0,2186.0,CARDIUM FM,FRACTURED
100021905320W500,100/02-19-053-20W5/00,2007-07-13,649.0,650.0,,JET PERFORATION
100021905320W500,100/02-19-053-20W5/00,2007-07-21,649.0,650.0,,REMEDIAL CASING
100022306319W500,100/02-23-063-19W5/00,1994-07-27,1533.0,1536.0,MANNVILLE GRP,JET PERFORATION
100022306319W500,100/02-23-063-19W5/00,1994-07-31,1533.0,1536.0,MANNVILLE GRP,FRACTURED
100022806418W500,100/02-28-064-18W5/00,1961-01-31,1399.0,1401.8,VIKING SANDSTONE,JET PERFORATION
100022806418W500,100/02-28-064-18W5/00,1961-02-01,1399.0,1401.8,VIKING SANDSTONE,ACID SQUEEZE - PRESS USED
100022905619W500,100/02-29-056-19W5/00,1984-08-27,2351.0,2356.0,SECOND WHITE SPECKS,JET PERFORATION
100022905619W500,100/02-29-056-19W5/00,1984-09-02,2333.0,2349.7,SECOND WHITE SPECKS,JET PERFORATION
100022905619W500,100/02-29-056-19W5/00,1984-09-03,2333.0,2349.7,SECOND WHITE SPECKS,FRACTURED
100032205720W502,100/03-22-057-20W5/02,2007-03-02,2715.0,2718.5,,JET PERFORATION
100032205720W502,100/03-22-057-20W5/02,2008-01-25,2686.0,2694.0,,BRIDGE PLUG CAPPED W/CEMENT
100032205720W502,100/03-22-057-20W5/02,2008-01-25,2702.0,0.0,,BRIDGE PLUG
100032205720W502,100/03-22-057-20W5/02,2008-01-27,1925.5,1927.0,,JET PERFORATION
100032205720W502,100/03-22-057-20W5/02,2008-01-27,1943.0,1945.5,,JET PERFORATION
100032205720W502,100/03-22-057-20W5/02,2008-01-30,1912.6,0.0,,PACKER
100032205720W502,100/03-22-057-20W5/02,2008-01-30,1927.7,0.0,,PACKER
100032205720W502,100/03-22-057-20W5/02,2008-02-02,1943.0,1945.5,,FRACTURED
100032705720W500,100/03-27-057-20W5/00,2010-02-03,3161.0,3163.0,,OPEN-HOLE COMPLETION
100032705720W500,100/03-27-057-20W5/00,2010-02-23,2091.1,2091.19,,FRACTURED
100032705720W500,100/03-27-057-20W5/00,2010-02-23,2189.8,2189.9,,FRACTURED
100032705720W500,100/03-27-057-20W5/00,2010-02-23,2354.7,2354.8,,FRACTURED
100032705720W500,100/03-27-057-20W5/00,2010-02-23,2530.7,2530.8,,FRACTURED
100032705720W500,100/03-27-057-20W5/00,2010-02-23,2641.8,2641.9,,FRACTURED
100032705720W500,100/03-27-057-20W5/00,2010-02-23,2760.9,2761.0,,FRACTURED
100032705720W500,100/03-27-057-20W5/00,2010-02-23,2873.7,2873.8,,FRACTURED
100032705720W500,100/03-27-057-20W5/00,2010-02-23,2974.3,2974.4,,FRACTURED
100032705720W500,100/03-27-057-20W5/00,2010-02-23,3073.5,3073.6,,FRACTURED
100032705720W500,100/03-27-057-20W5/00,2010-02-23,3146.7,3146.8,,FRACTURED
100033506419W500,100/03-35-064-19W5/00,1996-12-12,1378.8,0.0,VIKING FM,HISTORICAL
100033506419W500,100/03-35-064-19W5/00,1996-12-13,1401.0,1410.0,NOTIKEWIN MBR,JET PERFORATION
100040605319W500,100/04-06-053-19W5/00,2001-04-20,2252.0,2253.6,CARDIUM SD,JET PERFORATION
100040605319W500,100/04-06-053-19W5/00,2001-04-20,2254.7,2255.6,CARDIUM SD,JET PERFORATION
100040605319W500,100/04-06-053-19W5/00,2001-04-20,2258.0,2261.2,CARDIUM SD,JET PERFORATION
100040605319W500,100/04-06-053-19W5/00,2001-04-20,2268.0,2269.0,CARDIUM SD,JET PERFORATION
100040605319W500,100/04-06-053-19W5/00,2001-04-22,2252.0,2253.6,CARDIUM SD,FRACTURED
100040605319W500,100/04-06-053-19W5/00,2001-04-22,2254.7,2255.6,CARDIUM SD,FRACTURED
100040605319W500,100/04-06-053-19W5/00,2001-04-22,2258.0,2261.2,CARDIUM SD,FRACTURED
100040605319W500,100/04-06-053-19W5/00,2001-04-22,2268.0,2269.0,CARDIUM SD,FRACTURED
100040905518W502,100/04-09-055-18W5/02,1978-12-20,1853.5,1857.5,CARDIUM SD,JET PERFORATION
100040905518W502,100/04-09-055-18W5/02,1978-12-20,1853.5,1857.5,CARDIUM SD,FRACTURED
100040905518W502,100/04-09-055-18W5/02,1980-09-15,1874.5,1877.5,CARDIUM SD,JET PERFORATION
100040905518W502,100/04-09-055-18W5/02,1980-09-15,1879.5,1882.0,CARDIUM SD,JET PERFORATION
100041505619W502,100/04-15-056-19W5/02,1982-01-07,2305.0,2310.0,SECOND WHITE SPECKS,JET PERFORATION
100041505619W502,100/04-15-056-19W5/02,1982-01-11,2305.0,2313.0,SECOND WHITE SPECKS,ACID SQUEEZE - PRESS USED
100041505619W502,100/04-15-056-19W5/02,1982-01-11,2310.0,2313.0,SECOND WHITE SPECKS,JET PERFORATION
100041505619W502,100/04-15-056-19W5/02,1982-01-20,2095.0,2097.0,CARDIUM SD,JET PERFORATION
100041505619W502,100/04-15-056-19W5/02,1982-01-20,2112.0,2114.0,CARDIUM SD,JET PERFORATION
100041505619W502,100/04-15-056-19W5/02,1982-01-24,2095.0,2114.0,CARDIUM SD,FRACTURED
100041505619W502,100/04-15-056-19W5/02,1982-02-23,2290.0,0.0,SECOND WHITE SPECKS,THROUGH TUBING PACKER
100041505619W502,100/04-15-056-19W5/02,1987-05-05,2313.0,2317.0,SECOND WHITE SPECKS,JET PERFORATION
100041505619W502,100/04-15-056-19W5/02,1987-05-06,2305.0,2317.0,SECOND WHITE SPECKS,ACID SQUEEZE - PRESS USED
100042105519W500,100/04-21-055-19W5/00,2003-06-08,2756.0,2761.0,GETHING FM,JET PERFORATION
100042105519W500,100/04-21-055-19W5/00,2003-06-11,2756.0,2761.0,GETHING FM,FRACTURED
100042105519W500,100/04-21-055-19W5/00,2010-09-15,2011.5,2015.0,,JET PERFORATION
100042105519W500,100/04-21-055-19W5/00,2010-09-18,2011.5,2015.0,,FRACTURED
100042805519W500,100/04-28-055-19W5/00,2012-01-25,3937.0,3939.0,,OPEN-HOLE COMPLETION
100042805519W500,100/04-28-055-19W5/00,2012-02-12,3753.3,3754.3,,FRACTURED
100042805519W500,100/04-28-055-19W5/00,2012-02-12,3852.4,3853.4,,FRACTURED
100042805519W500,100/04-28-055-19W5/00,2012-02-12,3924.7,3925.7,,FRACTURED
100042805519W500,100/04-28-055-19W5/00,2012-02-13,3345.3,3346.3,,FRACTURED
100042805519W500,100/04-28-055-19W5/00,2012-02-13,3443.9,3444.9,,FRACTURED
100042805519W500,100/04-28-055-19W5/00,2012-02-13,3554.4,3555.4,,FRACTURED
100042805519W500,100/04-28-055-19W5/00,2012-02-13,3670.1,3671.1,,FRACTURED
100042805519W500,100/04-28-055-19W5/00,2012-02-14,2838.1,2839.1,,FRACTURED
100042805519W500,100/04-28-055-19W5/00,2012-02-14,2975.3,2976.3,,FRACTURED
100042805519W500,100/04-28-055-19W5/00,2012-02-14,3049.3,3050.3,,FRACTURED
100042805519W500,100/04-28-055-19W5/00,2012-02-14,3148.4,3149.4,,FRACTURED
100042805519W500,100/04-28-055-19W5/00,2012-02-14,3246.3,3247.3,,FRACTURED
100043605519W500,100/04-36-055-19W5/00,1976-01-06,3659.4,3666.7,WOODBEND GRP,JET PERFORATION
100043605519W500,100/04-36-055-19W5/00,1976-01-10,3660.0,3666.7,WOODBEND GRP,JET PERFORATION
100043605519W500,100/04-36-055-19W5/00,1976-01-11,3659.4,3666.7,WOODBEND GRP,ACID SQUEEZE - PRESS USED
100043605519W500,100/04-36-055-19W5/00,1976-01-13,3659.4,3666.7,WOODBEND GRP,ACID SQUEEZE - PRESS USED
100043605519W500,100/04-36-055-19W5/00,1976-01-21,3586.0,3627.1,WOODBEND GRP,CEMENT PLUG
100043605519W500,100/04-36-055-19W5/00,1977-02-28,2148.8,2167.1,SECOND WHITE SPECKS,JET PERFORATION
100043605519W500,100/04-36-055-19W5/00,1977-02-28,2246.4,2255.5,SECOND WHITE SPECKS,JET PERFORATION
100043605519W500,100/04-36-055-19W5/00,1977-03-01,2148.8,2167.1,SECOND WHITE SPECKS,ACID SQUEEZE - PRESS USED
100043605519W500,100/04-36-055-19W5/00,1977-03-01,2246.4,2255.5,SECOND WHITE SPECKS,ACID SQUEEZE - PRESS USED
100043605519W500,100/04-36-055-19W5/00,1977-03-02,1942.2,1945.8,CARDIUM SD,JET PERFORATION
100043605519W500,100/04-36-055-19W5/00,1977-03-02,1960.8,1964.4,CARDIUM SD,JET PERFORATION
100043605519W500,100/04-36-055-19W5/00,1977-03-02,2040.6,2048.3,CARDIUM SD,BRIDGE PLUG CAPPED W/CEMENT
100043605519W500,100/04-36-055-19W5/00,1977-03-04,1942.2,1964.4,CARDIUM SD,ACID SQUEEZE - PRESS USED
100043605519W500,100/04-36-055-19W5/00,1978-03-07,1942.2,1964.4,CARDIUM SD,FRACTURED
100051905518W500,100/05-19-055-18W5/00,2008-07-23,1947.0,1950.0,,JET PERFORATION
100051905518W500,100/05-19-055-18W5/00,2008-07-23,1966.0,1968.0,,JET PERFORATION
100051905518W500,100/05-19-055-18W5/00,2008-07-23,1972.0,1975.0,,JET PERFORATION
100051905518W500,100/05-19-055-18W5/00,2008-07-25,1947.0,1950.0,,FRACTURED
100051905518W500,100/05-19-055-18W5/00,2008-07-25,1966.0,1968.0,,FRACTURED
100051905518W500,100/05-19-055-18W5/00,2008-07-25,1972.0,1975.0,,FRACTURED
100052105922W500,100/05-21-059-22W5/00,2009-07-14,2455.0,2457.0,CARDIUM SD,OPEN-HOLE COMPLETION
100052105922W500,100/05-21-059-22W5/00,2009-07-29,2128.8,2128.9,CARDIUM SD,FRACTURED
100052105922W500,100/05-21-059-22W5/00,2009-07-29,2226.6,2226.7,CARDIUM SD,FRACTURED
100052105922W500,100/05-21-059-22W5/00,2009-07-29,2301.9,2302.0,CARDIUM SD,FRACTURED
100052105922W500,100/05-21-059-22W5/00,2009-07-29,2375.4,2375.5,CARDIUM SD,FRACTURED
100052105922W500,100/05-21-059-22W5/00,2009-07-29,2447.7,2447.8,CARDIUM SD,FRACTURED
100053305418W500,100/05-33-054-18W5/00,1980-10-14,1874.5,1876.5,CARDIUM SD,JET PERFORATION
100053305418W500,100/05-33-054-18W5/00,1980-10-14,1882.0,1885.0,CARDIUM SD,JET PERFORATION
100053305418W500,100/05-33-054-18W5/00,1980-10-18,1874.5,1885.0,CARDIUM SD,FRACTURED
100053305418W500,100/05-33-054-18W5/00,1980-10-23,1853.5,1856.0,CARDIUM SD,JET PERFORATION
100053305418W500,100/05-33-054-18W5/00,1980-10-25,1853.5,1856.0,CARDIUM SD,FRACTURED
100062105619W500,100/06-21-056-19W5/00,1982-10-23,2297.0,2309.0,SECOND WHITE SPECKS,JET PERFORATION
100062105619W500,100/06-21-056-19W5/00,1982-10-24,2297.0,2309.0,SECOND WHITE SPECKS,ACID SQUEEZE - PRESS USED
100062105619W500,100/06-21-056-19W5/00,1982-10-28,2282.0,2290.0,SECOND WHITE SPECKS,BRIDGE PLUG CAPPED W/CEMENT
100062105619W500,100/06-21-056-19W5/00,1982-10-29,2252.0,2275.0,SECOND WHITE SPECKS,JET PERFORATION
100062105619W500,100/06-21-056-19W5/00,1982-10-30,2252.0,2275.0,SECOND WHITE SPECKS,ACID SQUEEZE - PRESS USED
100062605620W500,100/06-26-056-20W5/00,1986-11-01,2019.3,0.0,CARDIUM FM,HISTORICAL
100062605620W500,100/06-26-056-20W5/00,1986-11-02,2045.0,2049.0,CARDIUM SD,JET PERFORATION
100062605620W500,100/06-26-056-20W5/00,1986-11-02,2045.0,2049.0,CARDIUM SD,FRACTURED
100062706022W500,100/06-27-060-22W5/00,2003-04-02,2559.0,2560.2,NORDEGG MBR,JET PERFORATION
100062706022W500,100/06-27-060-22W5/00,2003-04-02,2561.0,2562.3,MONTNEY FM,JET PERFORATION
100062706022W500,100/06-27-060-22W5/00,2003-04-02,2562.8,2564.3,MONTNEY FM,JET PERFORATION
100062706022W500,100/06-27-060-22W5/00,2003-04-02,2564.8,2565.2,MONTNEY FM,JET PERFORATION
100062706022W500,100/06-27-060-22W5/00,2003-04-02,2565.7,2566.7,MONTNEY FM,JET PERFORATION
100062706022W500,100/06-27-060-22W5/00,2003-04-02,2567.4,2568.0,MONTNEY FM,JET PERFORATION
100062706022W500,100/06-27-060-22W5/00,2003-04-02,2568.4,2569.0,MONTNEY FM,JET PERFORATION
100062706022W500,100/06-27-060-22W5/00,2003-04-02,2570.5,2571.4,MONTNEY FM,JET PERFORATION
100062706022W500,100/06-27-060-22W5/00,2003-04-04,2559.0,2571.4,NORDEGG MBR,FRACTURED
100062706022W500,100/06-27-060-22W5/00,2003-04-08,2542.0,2550.0,NORDEGG MBR,BRIDGE PLUG CAPPED W/CEMENT
100062706022W500,100/06-27-060-22W5/00,2003-04-09,2498.5,2502.0,CADOMIN FM,JET PERFORATION
100062706022W500,100/06-27-060-22W5/00,2003-07-23,2480.0,2488.0,GETHING FM,BRIDGE PLUG CAPPED W/CEMENT
100062706022W500,100/06-27-060-22W5/00,2003-07-24,2395.0,2399.0,BLUESKY FM,JET PERFORATION
100062706022W500,100/06-27-060-22W5/00,2003-07-28,2395.0,2399.0,BLUESKY FM,FRACTURED
100062706022W500,100/06-27-060-22W5/00,2003-07-30,2372.9,2374.0,MANNVILLE GRP,BRIDGE PLUG NO CEMENT REQUIRED
100062706022W500,100/06-27-060-22W5/00,2003-08-01,2120.3,2122.3,VIKING SANDSTONE,JET PERFORATION
100062706022W500,100/06-27-060-22W5/00,2015-12-09,2364.5,2373.0,MANNVILLE GRP,BRIDGE PLUG CAPPED W/CEMENT
100062706022W500,100/06-27-060-22W5/00,2015-12-10,2107.0,2115.5,BASE FISH SCALES MARKER,BRIDGE PLUG CAPPED W/CEMENT
100062706022W500,100/06-27-060-22W5/00,2015-12-13,754.8,1387.0,,CEMENT PLUG
100062706022W500,100/06-27-060-22W5/00,2015-12-15,402.5,473.0,,CEMENT PLUG
100062706022W500,100/06-27-060-22W5/00,2015-12-15,480.0,622.0,,CEMENT PLUG
100062706022W500,100/06-27-060-22W5/00,2015-12-17,377.0,385.4,,BRIDGE PLUG CAPPED W/CEMENT
100062805619W500,100/06-28-056-19W5/00,1976-01-15,2575.9,2577.4,VIKING SANDSTONE,JET PERFORATION
100062805619W500,100/06-28-056-19W5/00,1976-01-16,2567.9,2572.5,VIKING SANDSTONE,BRIDGE PLUG CAPPED W/CEMENT
100062805619W500,100/06-28-056-19W5/00,1976-01-17,2546.3,2549.3,VIKING SANDSTONE,JET PERFORATION
100062805619W500,100/06-28-056-19W5/00,1976-01-17,2546.3,2549.3,VIKING SANDSTONE,ACID SQUEEZE - PRESS USED
100062805619W500,100/06-28-056-19W5/00,1976-01-19,2539.0,2539.0,BASE FISH SCALES MARKER,BRIDGE PLUG CAPPED W/CEMENT
100062805619W500,100/06-28-056-19W5/00,1976-01-21,2354.3,2359.2,SECOND WHITE SPECKS,JET PERFORATION
100062805619W500,100/06-28-056-19W5/00,1976-01-21,2359.2,2361.9,SECOND WHITE SPECKS,JET PERFORATION
100062805619W500,100/06-28-056-19W5/00,1976-01-21,2361.9,2365.6,SECOND WHITE SPECKS,JET PERFORATION
100062805619W500,100/06-28-056-19W5/00,1976-01-21,2365.6,2369.8,SECOND WHITE SPECKS,JET PERFORATION
100062805619W500,100/06-28-056-19W5/00,1976-01-23,2354.3,2369.8,SECOND WHITE SPECKS,ACID SQUEEZE - PRESS USED
100062805619W500,100/06-28-056-19W5/00,1976-01-24,2354.3,2369.8,SECOND WHITE SPECKS,FRACTURED
100062805619W500,100/06-28-056-19W5/00,1976-02-02,2173.19,2175.4,CARDIUM SD,JET PERFORATION
100062805619W500,100/06-28-056-19W5/00,1976-02-02,2178.1,2179.9,CARDIUM SD,JET PERFORATION
100062805619W500,100/06-28-056-19W5/00,1976-02-02,2331.7,2331.7,SECOND WHITE SPECKS,BRIDGE PLUG CAPPED W/CEMENT
100062805619W500,100/06-28-056-19W5/00,1991-03-23,2155.0,2158.0,CARDIUM FM,JET PERFORATION
100062805619W500,100/06-28-056-19W5/00,1991-03-23,2173.0,2175.5,CARDIUM SD,JET PERFORATION
100062805619W500,100/06-28-056-19W5/00,1991-03-23,2178.0,2180.0,CARDIUM SD,JET PERFORATION
100062805619W500,100/06-28-056-19W5/00,1991-03-23,2182.19,2183.69,CARDIUM SD,JET PERFORATION
100062805619W500,100/06-28-056-19W5/00,1991-03-24,2155.0,2183.69,CARDIUM FM,ACID SQUEEZE - PRESS USED
100071005619W500,100/07-10-056-19W5/00,1973-01-13,2189.1,2192.1,SECOND WHITE SPECKS,JET PERFORATION
100071005619W500,100/07-10-056-19W5/00,1973-01-13,2192.1,2198.2,SECOND WHITE SPECKS,JET PERFORATION
100071005619W500,100/07-10-056-19W5/00,1973-01-13,2225.0,2232.7,SECOND WHITE SPECKS,BRIDGE PLUG CAPPED W/CEMENT
100071005619W500,100/07-10-056-19W5/00,2003-01-09,2189.1,2195.1,SECOND WHITE SPECKS,JET PERFORATION
100071005619W500,100/07-10-056-19W5/00,2003-01-09,2195.1,2200.7,SECOND WHITE SPECKS,JET PERFORATION
100071005619W500,100/07-10-056-19W5/00,2003-01-10,2189.1,2200.7,SECOND WHITE SPECKS,ACID SQUEEZE - PRESS USED
100071005921W502,100/07-10-059-21W5/02,1978-02-18,1879.1,1880.6,CARDIUM SD,CEMENT SQUEEZE
100071005921W502,100/07-10-059-21W5/02,1978-02-18,1879.1,1880.6,CARDIUM SD,JET PERFORATION
100071005921W502,100/07-10-059-21W5/02,1978-02-21,1879.1,1880.6,CARDIUM SD,CEMENT SQUEEZE
100071005921W502,100/07-10-059-21W5/02,1978-03-10,2673.1,2680.7,MONTNEY FM,ACID SQUEEZE - PRESS USED
100071005921W502,100/07-10-059-21W5/02,1978-03-10,2673.1,2680.7,MONTNEY FM,JET PERFORATION
100071005921W502,100/07-10-059-21W5/02,1979-03-13,2607.0,2660.0,GETHING FM,BRIDGE PLUG CAPPED W/CEMENT
100071005921W502,100/07-10-059-21W5/02,1979-03-16,1858.3,1860.5,CARDIUM SD,JET PERFORATION
100071005921W502,100/07-10-059-21W5/02,1979-11-26,1848.9,1851.1,CARDIUM SD,JET PERFORATION
100071005921W502,100/07-10-059-21W5/02,1979-11-26,1853.5,1856.5,CARDIUM SD,JET PERFORATION
100071005921W502,100/07-10-059-21W5/02,1980-02-11,1848.9,1860.3,CARDIUM SD,ACID SQUEEZE - PRESS USED
100071005921W502,100/07-10-059-21W5/02,1980-02-12,1848.9,1860.3,CARDIUM SD,FRACTURED
100071005921W502,100/07-10-059-21W5/02,1995-08-05,1883.4,1888.4,CARDIUM SD,BRIDGE PLUG CAPPED W/CEMENT
100071005921W502,100/07-10-059-21W5/02,1995-08-06,1849.4,1851.9,CARDIUM SD,JET PERFORATION
100071005921W502,100/07-10-059-21W5/02,1995-08-06,1854.0,1857.0,CARDIUM SD,JET PERFORATION
100071005921W502,100/07-10-059-21W5/02,1995-08-06,1858.8,1861.0,CARDIUM SD,JET PERFORATION
100071005921W502,100/07-10-059-21W5/02,1995-08-07,1848.9,1861.0,CARDIUM SD,FRACTURED
100071606420W500,100/07-16-064-20W5/00,1969-12-17,1556.6,1560.0,MANNVILLE GRP,JET PERFORATION
100071606420W500,100/07-16-064-20W5/00,1970-01-30,1556.6,1560.0,MANNVILLE GRP,ACID SQUEEZE - PRESS USED
100071606420W500,100/07-16-064-20W5/00,1982-09-07,1555.7,1564.2,MANNVILLE GRP,JET PERFORATION
100072105922W500,100/07-21-059-22W5/00,1980-09-01,2713.0,2717.0,CADOMIN FM,JET PERFORATION
100072105922W500,100/07-21-059-22W5/00,1980-09-04,2713.0,2717.0,CADOMIN FM,FRACTURED
100072105922W500,100/07-21-059-22W5/00,1980-09-11,2705.8,2711.0,CADOMIN FM,BRIDGE PLUG CAPPED W/CEMENT
100072105922W500,100/07-21-059-22W5/00,1985-02-20,1893.0,1897.5,CARDIUM SD,JET PERFORATION
100072105922W500,100/07-21-059-22W5/00,1985-02-22,1893.0,1897.5,CARDIUM SD,ACID SQUEEZE - PRESS USED
100072105922W500,100/07-21-059-22W5/00,1985-02-26,1893.0,1897.5,CARDIUM SD,FRACTURED
100072205418W503,100/07-22-054-18W5/03,2001-06-15,1857.0,1862.0,,JET PERFORATION
100072205418W503,100/07-22-054-18W5/03,2001-06-15,1878.5,1881.5,,JET PERFORATION
100072305620W502,100/07-23-056-20W5/02,1982-03-08,3002.0,3008.0,NORDEGG MBR,JET PERFORATION
100072305620W502,100/07-23-056-20W5/02,1982-03-17,2988.0,2996.0,FERNIE GRP,CEMENT PLUG
100072305620W502,100/07-23-056-20W5/02,1982-03-18,2644.3,2645.0,VIKING SANDSTONE,JET PERFORATION
100072305620W502,100/07-23-056-20W5/02,1982-03-18,2670.0,2670.6,MANNVILLE GRP,JET PERFORATION
100072305620W502,100/07-23-056-20W5/02,1982-03-18,2979.0,2983.5,FERNIE GRP,CEMENT PLUG
100072305620W502,100/07-23-056-20W5/02,1982-03-18,2983.5,2988.0,FERNIE GRP,CEMENT PLUG
100072305620W502,100/07-23-056-20W5/02,1982-03-19,2644.3,2670.6,VIKING SANDSTONE,ACID SQUEEZE - PRESS USED
100072305620W502,100/07-23-056-20W5/02,1982-03-19,2644.3,2670.6,VIKING SANDSTONE,CEMENT SQUEEZE
100072305620W502,100/07-23-056-20W5/02,1982-03-21,2654.0,2657.0,MANNVILLE GRP,JET PERFORATION
100072305620W502,100/07-23-056-20W5/02,1982-03-21,2654.0,2657.0,MANNVILLE GRP,ACID SQUEEZE - PRESS USED
100072305620W502,100/07-23-056-20W5/02,1982-03-22,2654.0,2657.0,MANNVILLE GRP,ACID SQUEEZE - PRESS USED
100072305620W502,100/07-23-056-20W5/02,1982-03-25,2654.0,2657.0,MANNVILLE GRP,CEMENT SQUEEZE
100072305620W502,100/07-23-056-20W5/02,1982-03-26,2464.3,2465.0,SECOND WHITE SPECKS,JET PERFORATION
100072305620W502,100/07-23-056-20W5/02,1982-03-27,2451.3,2452.0,SECOND WHITE SPECKS,JET PERFORATION
100072305620W502,100/07-23-056-20W5/02,1982-03-27,2464.3,2465.0,SECOND WHITE SPECKS,ACID SQUEEZE - PRESS USED
100072305620W502,100/07-23-056-20W5/02,1982-03-28,2451.3,2465.0,SECOND WHITE SPECKS,CEMENT SQUEEZE
100072305620W502,100/07-23-056-20W5/02,1982-03-28,2464.3,2465.0,SECOND WHITE SPECKS,ACID SQUEEZE - PRESS USED
100072305620W502,100/07-23-056-20W5/02,1982-06-03,2437.0,2454.0,SECOND WHITE SPECKS,JET PERFORATION
100072305620W502,100/07-23-056-20W5/02,1982-06-04,2437.0,2454.0,SECOND WHITE SPECKS,ACID SQUEEZE - PRESS USED
100072305620W502,100/07-23-056-20W5/02,1982-06-06,2437.0,2454.0,SECOND WHITE SPECKS,FRACTURED
100072305620W502,100/07-23-056-20W5/02,1982-06-09,2437.0,2454.0,SECOND WHITE SPECKS,CEMENT SQUEEZE
100072305620W502,100/07-23-056-20W5/02,1982-06-10,2241.0,2243.0,CARDIUM SD,JET PERFORATION
100072305620W502,100/07-23-056-20W5/02,1982-06-12,2241.0,2243.0,CARDIUM SD,FRACTURED
100072305620W502,100/07-23-056-20W5/02,1982-09-23,2225.0,2228.0,CARDIUM SD,JET PERFORATION
100072305620W502,100/07-23-056-20W5/02,1982-09-26,2225.0,2228.0,CARDIUM SD,FRACTURED
100072805519W500,100/07-28-055-19W5/00,2008-02-28,2664.0,2669.0,GETHING FM,JET PERFORATION
100072805519W500,100/07-28-055-19W5/00,2008-02-28,2705.0,2708.5,GETHING FM,JET PERFORATION
100072805519W500,100/07-28-055-19W5/00,2008-03-06,2664.0,2669.0,GETHING FM,FRACTURED
100072805519W500,100/07-28-055-19W5/00,2008-03-06,2705.0,2708.0,GETHING FM,FRACTURED
100072805519W500,100/07-28-055-19W5/00,2010-03-05,2567.0,2573.0,SPIRIT RIVER FM,JET PERFORATION
100072805519W500,100/07-28-055-19W5/00,2010-03-05,2582.0,2584.0,BLUESKY FM,JET PERFORATION
100072805519W500,100/07-28-055-19W5/00,2010-03-09,2567.0,2573.0,SPIRIT RIVER FM,FRACTURED
100072805519W500,100/07-28-055-19W5/00,2010-03-09,2582.0,2584.0,BLUESKY FM,FRACTURED
100072805519W500,100/07-28-055-19W5/00,2010-03-16,2398.5,2399.5,PEACE RIVER FM,JET PERFORATION
100072805519W500,100/07-28-055-19W5/00,2010-03-16,2431.0,2432.0,SPIRIT RIVER FM,JET PERFORATION
100072905619W500,100/07-29-056-19W5/00,1976-03-10,2145.8,2149.8,CARDIUM SD,JET PERFORATION
100072905619W500,100/07-29-056-19W5/00,1976-03-14,2145.8,2149.8,CARDIUM SD,ACID SQUEEZE - PRESS USED
100072905619W500,100/07-29-056-19W5/00,1976-03-15,2145.8,2149.8,CARDIUM SD,FRACTURED
100072905619W500,100/07-29-056-19W5/00,1982-02-01,2129.19,2133.6,CARDIUM FM,JET PERFORATION
100072905619W500,100/07-29-056-19W5/00,1991-03-29,2156.0,2159.0,CARDIUM SD,JET PERFORATION
100072905619W500,100/07-29-056-19W5/00,1991-03-30,2129.19,2159.0,CARDIUM FM,ACID SQUEEZE - PRESS USED
100080705318W502,100/08-07-053-18W5/02,1992-03-25,2240.0,2266.0,SECOND WHITE SPECKS,JET PERFORATION
100080705318W502,100/08-07-053-18W5/02,1992-03-28,2240.0,2266.0,SECOND WHITE SPECKS,ACID SQUEEZE - PRESS USED
100080705318W502,100/08-07-053-18W5/02,1992-03-29,2240.0,2266.0,SECOND WHITE SPECKS,ACID SQUEEZE - PRESS USED
100080705318W502,100/08-07-053-18W5/02,2000-10-18,2230.0,0.0,SECOND WHITE SPECKS,BRIDGE PLUG
100080705318W502,100/08-07-053-18W5/02,2000-10-20,2015.0,0.0,CARDIUM SD,PACKER
100080705318W502,100/08-07-053-18W5/02,2000-10-20,2030.0,2035.0,CARDIUM SD,JET PERFORATION
100080705318W502,100/08-07-053-18W5/02,2000-10-23,2030.0,2035.0,CARDIUM SD,FRACTURED
100080805518W500,100/08-08-055-18W5/00,1979-07-31,1878.0,1882.0,CARDIUM SD,JET PERFORATION
100080805518W500,100/08-08-055-18W5/00,1979-07-31,1885.5,1889.0,CARDIUM SD,JET PERFORATION
100080805518W500,100/08-08-055-18W5/00,1979-10-11,1858.5,1862.0,CARDIUM FM,JET PERFORATION
100080805518W500,100/08-08-055-18W5/00,1979-10-29,1858.5,1862.0,CARDIUM FM,FRACTURED
100080805518W500,100/08-08-055-18W5/00,1981-09-07,1878.0,1889.0,CARDIUM SD,FRACTURED
100082205720W500,100/08-22-057-20W5/00,2009-03-03,2571.0,2573.0,,OPEN-HOLE COMPLETION
100082205720W500,100/08-22-057-20W5/00,2009-03-18,2488.4,2489.4,,FRACTURED
100082205720W500,100/08-22-057-20W5/00,2009-03-18,2566.2,2567.2,,FRACTURED
100082205720W500,100/08-22-057-20W5/00,2009-03-20,2184.9,2185.9,,FRACTURED
100082205720W500,100/08-22-057-20W5/00,2009-03-20,2292.9,2293.9,,FRACTURED
100082205720W500,100/08-22-057-20W5/00,2009-03-20,2391.2,2392.2,,FRACTURED
100082805418W500,100/08-28-054-18W5/00,2009-06-28,2473.0,2475.0,CARDIUM SD,OPEN-HOLE COMPLETION
100082805418W500,100/08-28-054-18W5/00,2009-07-12,2144.69,2144.8,CARDIUM SD,FRACTURED
100082805418W500,100/08-28-054-18W5/00,2009-07-12,2246.5,2246.6,CARDIUM SD,FRACTURED
100082805418W500,100/08-28-054-18W5/00,2009-07-12,2322.4,2322.5,CARDIUM SD,FRACTURED
100082805418W500,100/08-28-054-18W5/00,2009-07-12,2398.4,2398.5,CARDIUM SD,FRACTURED
100082805418W500,100/08-28-054-18W5/00,2009-07-12,2464.7,2464.8,CARDIUM SD,FRACTURED
100091405620W500,100/09-14-056-20W5/00,1987-09-20,2245.0,2249.0,CARDIUM SD,JET PERFORATION
100091405620W500,100/09-14-056-20W5/00,1987-09-21,2245.0,2249.0,CARDIUM SD,FRACTURED
100091405620W500,100/09-14-056-20W5/00,2008-06-25,2239.6,0.0,CARDIUM SD,PACKER
100091405620W500,100/09-14-056-20W5/00,2008-06-26,2230.5,2232.0,CARDIUM SD,JET PERFORATION
100091405620W500,100/09-14-056-20W5/00,2008-06-29,2230.5,2232.0,CARDIUM SD,FRACTURED
100092005619W502,100/09-20-056-19W5/02,1980-05-09,2380.0,2390.0,SECOND WHITE SPECKS,JET PERFORATION
100092005619W502,100/09-20-056-19W5/02,1980-05-12,2380.0,2390.0,SECOND WHITE SPECKS,FRACTURED
100092005619W502,100/09-20-056-19W5/02,1980-05-16,2372.0,2390.0,SECOND WHITE SPECKS,ACID SQUEEZE - PRESS USED
100092005619W502,100/09-20-056-19W5/02,1980-05-16,2372.0,2377.0,SECOND WHITE SPECKS,JET PERFORATION
100092005619W502,100/09-20-056-19W5/02,1980-06-13,2187.8,2191.5,CARDIUM SD,JET PERFORATION
100092005619W502,100/09-20-056-19W5/02,1980-06-13,2198.0,2199.0,CARDIUM SD,JET PERFORATION
100092005619W502,100/09-20-056-19W5/02,1980-06-15,2187.8,2199.0,CARDIUM SD,FRACTURED
100092005619W502,100/09-20-056-19W5/02,2006-10-30,2331.0,2339.0,SECOND WHITE SPECKS,BRIDGE PLUG CAPPED W/CEMENT
100092005619W502,100/09-20-056-19W5/02,2006-11-01,2186.0,0.0,CARDIUM SD,BRIDGE PLUG
100100106518W500,100/10-01-065-18W5/00,1971-12-13,1387.4,1391.1,MANNVILLE GRP,JET PERFORATION
100100106518W500,100/10-01-065-18W5/00,1971-12-14,1387.4,1391.1,MANNVILLE GRP,ACID SQUEEZE - PRESS USED
100100106518W500,100/10-01-065-18W5/00,1987-10-21,1385.0,1390.5,JOLI FOU FM,JET PERFORATION
100100306518W500,100/10-03-065-18W5/00,1961-09-15,1376.8,1378.3,NOTIKEWIN MBR,JET PERFORATION
100100306518W500,100/10-03-065-18W5/00,1987-06-20,1375.5,1378.5,BASE FISH SCALES MARKER,JET PERFORATION
100100306518W500,100/10-03-065-18W5/00,1987-06-20,1375.5,1378.5,BASE FISH SCALES MARKER,FRACTURED
100100506419W500,100/10-05-064-19W5/00,1960-01-04,2988.9,2990.1,BEAVERHILL LAKE GRP,JET PERFORATION
100100506419W500,100/10-05-064-19W5/00,1960-01-04,2992.5,2999.8,BEAVERHILL LAKE GRP,JET PERFORATION
100100506419W500,100/10-05-064-19W5/00,1960-01-04,3005.0,3008.7,BEAVERHILL LAKE GRP,JET PERFORATION
100100506419W500,100/10-05-064-19W5/00,1960-01-04,3011.4,3018.7,BEAVERHILL LAKE GRP,JET PERFORATION
100100506419W500,100/10-05-064-19W5/00,1960-01-04,3022.4,3035.8,BEAVERHILL LAKE GRP,JET PERFORATION
100100506419W500,100/10-05-064-19W5/00,1960-01-06,2988.9,3035.8,BEAVERHILL LAKE GRP,ACID SQUEEZE - PRESS USED
100100506419W500,100/10-05-064-19W5/00,1966-07-12,1486.8,1490.5,BLAIRMORE GRP,JET PERFORATION
100100506419W500,100/10-05-064-19W5/00,1966-07-16,1486.8,1490.5,BLAIRMORE GRP,ACID SQUEEZE - PRESS USED
100100706021W502,100/10-07-060-21W5/02,2006-02-14,2500.0,2503.0,CADOMIN FM,JET PERFORATION
100100706021W502,100/10-07-060-21W5/02,2006-02-16,2500.0,2503.0,CADOMIN FM,FRACTURED
100100706021W502,100/10-07-060-21W5/02,2006-02-21,2460.0,2466.0,GETHING FM,JET PERFORATION
100100706021W502,100/10-07-060-21W5/02,2006-02-21,2489.0,2497.0,GETHING FM,BRIDGE PLUG CAPPED W/CEMENT
100100706021W502,100/10-07-060-21W5/02,2006-02-24,2460.0,2466.0,GETHING FM,FRACTURED
100100706418W500,100/10-07-064-18W5/00,1961-02-03,1446.6,1463.0,BLAIRMORE GRP,OPEN-HOLE COMPLETION
100100706418W500,100/10-07-064-18W5/00,1961-02-06,1446.6,1463.0,BLAIRMORE GRP,ACID SQUEEZE - PRESS USED
100100706418W500,100/10-07-064-18W5/00,1987-10-26,1447.0,1451.5,BLAIRMORE GRP,JET PERFORATION
100100805720W500,100/10-08-057-20W5/00,1989-01-05,1855.0,0.0,CARDIUM FM,HISTORICAL
100100805720W500,100/10-08-057-20W5/00,1989-01-05,1874.0,1877.0,CARDIUM SD,JET PERFORATION
100100805720W500,100/10-08-057-20W5/00,1989-01-08,1874.0,1877.0,CARDIUM SD,FRACTURED
100100906021W502,100/10-09-060-21W5/02,2005-01-15,2444.6,2447.1,,JET PERFORATION
100100906021W502,100/10-09-060-21W5/02,2005-01-16,2444.6,2447.1,,FRACTURED
100100906021W502,100/10-09-060-21W5/02,2005-01-23,2417.0,2420.0,,JET PERFORATION
100100906021W502,100/10-09-060-21W5/02,2005-01-28,2417.0,2422.5,,JET PERFORATION
100100906021W502,100/10-09-060-21W5/02,2005-01-29,2417.0,2422.5,,FRACTURED
100100906021W502,100/10-09-060-21W5/02,2005-02-19,2438.1,0.0,,THROUGH TUBING PACKER
100101406420W500,100/10-14-064-20W5/00,1967-03-24,1553.9,1558.1,NOTIKEWIN MBR,JET PERFORATION
100101406420W500,100/10-14-064-20W5/00,1967-03-24,1553.9,1561.8,NOTIKEWIN MBR,ACID SQUEEZE - PRESS USED
100101406420W500,100/10-14-064-20W5/00,1967-03-24,1559.1,1561.8,NOTIKEWIN MBR,JET PERFORATION
100101406420W500,100/10-14-064-20W5/00,1967-03-29,1553.9,1561.8,NOTIKEWIN MBR,FRACTURED
100101406420W500,100/10-14-064-20W5/00,1968-06-26,1541.4,1545.9,NOTIKEWIN MBR,ACID SQUEEZE - PRESS USED
100101406420W500,100/10-14-064-20W5/00,1968-06-26,1541.4,1545.9,NOTIKEWIN MBR,JET PERFORATION
100102406420W500,100/10-24-064-20W5/00,1969-12-15,1488.3,1490.2,MANNVILLE GRP,JET PERFORATION
100102406420W500,100/10-24-064-20W5/00,1969-12-15,1492.3,1493.8,MANNVILLE GRP,JET PERFORATION
100102406420W500,100/10-24-064-20W5/00,1970-01-31,1488.3,1493.8,MANNVILLE GRP,ACID WASH - NO PRESSURE
100102406420W500,100/10-24-064-20W5/00,1995-03-12,1487.1,1494.7,MANNVILLE GRP,JET PERFORATION
100102406420W500,100/10-24-064-20W5/00,1995-03-12,1503.3,1506.3,MANNVILLE GRP,JET PERFORATION
100102406420W500,100/10-24-064-20W5/00,1995-03-14,1729.0,1731.4,GETHING FM,JET PERFORATION
100102406420W500,100/10-24-064-20W5/00,1995-03-14,1733.3,1734.5,GETHING FM,JET PERFORATION
100102406420W500,100/10-24-064-20W5/00,1995-03-14,1737.5,1739.4,GETHING FM,JET PERFORATION
100102406420W500,100/10-24-064-20W5/00,1995-03-22,1720.2,0.0,MANNVILLE GRP,HISTORICAL
100102406420W500,100/10-24-064-20W5/00,2001-04-25,1500.3,0.0,MANNVILLE GRP,BRIDGE PLUG
100102406420W500,100/10-24-064-20W5/00,2001-04-25,1717.2,1720.2,MANNVILLE GRP,BRIDGE PLUG CAPPED W/CEMENT
100102406420W500,100/10-24-064-20W5/00,2001-04-27,1497.3,1500.3,MANNVILLE GRP,BRIDGE PLUG CAPPED W/CEMENT
100102906418W500,100/10-29-064-18W5/00,1961-03-02,1389.9,1404.2,VIKING SANDSTONE,ACID SQUEEZE - PRESS USED
100102906418W500,100/10-29-064-18W5/00,1961-03-02,1389.9,1404.2,VIKING SANDSTONE,OPEN-HOLE COMPLETION
100103105418W500,100/10-31-054-18W5/00,1981-03-20,2127.0,2129.0,SECOND WHITE SPECKS,JET PERFORATION
100103105418W500,100/10-31-054-18W5/00,1981-03-20,2133.0,2135.0,SECOND WHITE SPECKS,JET PERFORATION
100103105418W500,100/10-31-054-18W5/00,1981-03-20,2145.0,2147.0,SECOND WHITE SPECKS,JET PERFORATION
100103105418W500,100/10-31-054-18W5/00,1981-03-20,2150.0,2156.0,SECOND WHITE SPECKS,JET PERFORATION
100103105418W500,100/10-31-054-18W5/00,1981-03-20,2162.0,2165.0,SECOND WHITE SPECKS,JET PERFORATION
100103105418W500,100/10-31-054-18W5/00,1981-03-23,2115.0,2123.0,SECOND WHITE SPECKS,BRIDGE PLUG CAPPED W/CEMENT
100103105418W500,100/10-31-054-18W5/00,1981-03-24,1923.0,1926.0,CARDIUM SD,JET PERFORATION
100103105418W500,100/10-31-054-18W5/00,1981-03-25,1923.0,1926.0,CARDIUM SD,FRACTURED
100103106417W500,100/10-31-064-17W5/00,1962-03-17,1663.9,1666.3,GETHING FM,JET PERFORATION
100103106417W500,100/10-31-064-17W5/00,1962-03-21,1660.9,1666.3,GETHING FM,BRIDGE PLUG CAPPED W/CEMENT
100103106417W500,100/10-31-064-17W5/00,1962-03-22,1405.1,1407.6,MANNVILLE GRP,ACID SQUEEZE - PRESS USED
100103106417W500,100/10-31-064-17W5/00,1962-03-22,1405.1,1407.6,MANNVILLE GRP,JET PERFORATION
100103106417W500,100/10-31-064-17W5/00,1962-03-22,1405.1,1407.6,MANNVILLE GRP,FRACTURED
100103106417W500,100/10-31-064-17W5/00,2004-12-05,287.0,288.0,,JET PERFORATION
100103106417W500,100/10-31-064-17W5/00,2004-12-05,1386.8,1394.8,VIKING SANDSTONE,BRIDGE PLUG CAPPED W/CEMENT
100103106417W500,100/10-31-064-17W5/00,2004-12-05,1652.6,1656.6,GETHING FM,CEMENT PLUG
100103106417W500,100/10-31-064-17W5/00,2004-12-06,287.0,288.0,,CEMENT SQUEEZE
100103605128W500,100/10-36-051-28W5/00,2007-06-23,3336.4,3922.0,,OPEN-HOLE COMPLETION
100103605128W500,100/10-36-051-28W5/00,2007-06-27,3228.9,0.0,,PACKER
100103605128W500,100/10-36-051-28W5/00,2007-10-07,3513.5,3519.5,,JET PERFORATION
100103605128W500,100/10-36-051-28W5/00,2007-10-07,3520.9,3526.9,,JET PERFORATION
100103605128W500,100/10-36-051-28W5/00,2007-10-08,3474.7,3480.7,,JET PERFORATION
100103605128W500,100/10-36-051-28W5/00,2007-10-08,3482.2,3488.2,,JET PERFORATION
100103605128W500,100/10-36-051-28W5/00,2007-10-08,3494.3,3500.3,,JET PERFORATION
100103605128W500,100/10-36-051-28W5/00,2007-10-08,3501.8,3507.8,,JET PERFORATION
100103605128W500,100/10-36-051-28W5/00,2007-10-10,3390.0,3393.0,,JET PERFORATION
100103605318W502,100/10-36-053-18W5/02,2001-09-11,1908.5,1910.5,,JET PERFORATION
100103605318W502,100/10-36-053-18W5/02,2001-10-14,1908.5,1910.5,,FRACTURED
100110105518W502,100/11-01-055-18W5/02,1980-08-16,2569.0,2575.8,ELKTON MBR,ACID SQUEEZE - PRESS USED
100110105518W502,100/11-01-055-18W5/02,1980-08-16,2569.0,2575.8,ELKTON MBR,JET PERFORATION
100110105518W502,100/11-01-055-18W5/02,1981-08-18,2555.0,2565.0,NORDEGG MBR,BRIDGE PLUG CAPPED W/CEMENT
100110105518W502,100/11-01-055-18W5/02,1981-08-21,1801.0,1803.0,CARDIUM SD,JET PERFORATION
100110105518W502,100/11-01-055-18W5/02,1981-08-21,1828.0,1829.0,CARDIUM SD,JET PERFORATION
100110105518W502,100/11-01-055-18W5/02,1981-08-22,1801.0,1829.0,CARDIUM SD,FRACTURED
100110105720W500,100/11-01-057-20W5/00,1980-02-04,2786.0,2796.0,POKER CHIP SH,JET PERFORATION
100110105720W500,100/11-01-057-20W5/00,1980-02-04,2812.0,2825.0,NORDEGG MBR,JET PERFORATION
100110105720W500,100/11-01-057-20W5/00,1980-02-07,2812.0,2825.0,NORDEGG MBR,ACID SQUEEZE - PRESS USED
100110105720W500,100/11-01-057-20W5/00,1980-02-10,2786.0,2796.0,POKER CHIP SH,ACID SQUEEZE - PRESS USED
100110105720W500,100/11-01-057-20W5/00,1980-03-31,2742.0,2750.0,FERNIE GRP,BRIDGE PLUG CAPPED W/CEMENT
100110105720W500,100/11-01-057-20W5/00,1980-04-01,2434.4,2451.4,MANNVILLE GRP,JET PERFORATION
100110105720W500,100/11-01-057-20W5/00,1980-04-03,2025.0,2029.0,CARDIUM SD,JET PERFORATION
100110105720W500,100/11-01-057-20W5/00,1980-04-03,2033.0,2036.0,CARDIUM SD,JET PERFORATION
100110105720W500,100/11-01-057-20W5/00,1980-04-03,2402.0,2410.0,BASE FISH SCALES MARKER,BRIDGE PLUG CAPPED W/CEMENT
100110105720W500,100/11-01-057-20W5/00,1980-04-04,2025.0,2036.0,CARDIUM SD,FRACTURED
100110606518W500,100/11-06-065-18W5/00,1969-12-27,1386.5,1390.2,NOTIKEWIN MBR,JET PERFORATION
100110606518W500,100/11-06-065-18W5/00,1970-01-13,1386.5,1390.2,NOTIKEWIN MBR,ACID SQUEEZE - PRESS USED
100111905320W500,100/11-19-053-20W5/00,2009-02-11,2808.3,2809.0,,OPEN-HOLE COMPLETION
100111905320W500,100/11-19-053-20W5/00,2009-03-03,2391.4,2392.4,,FRACTURED
100111905320W500,100/11-19-053-20W5/00,2009-03-03,2495.4,2496.4,,FRACTURED
100111905320W500,100/11-19-053-20W5/00,2009-03-03,2600.2,2601.2,,FRACTURED
100111905320W500,100/11-19-053-20W5/00,2009-03-03,2719.4,2720.4,,FRACTURED
100111905320W500,100/11-19-053-20W5/00,2009-03-03,2800.0,2801.0,,FRACTURED
100112205519W500,100/11-22-055-19W5/00,1987-01-18,3482.0,3488.0,LEDUC FM,JET PERFORATION
100112205519W500,100/11-22-055-19W5/00,1987-01-22,3469.0,3477.0,LEDUC FM,JET PERFORATION
100112205519W500,100/11-22-055-19W5/00,1987-02-04,3443.6,3451.6,IRETON FM,BRIDGE PLUG CAPPED W/CEMENT
100112205519W500,100/11-22-055-19W5/00,1987-02-05,2147.0,2155.0,SECOND WHITE SPECKS,BRIDGE PLUG CAPPED W/CEMENT
100112205519W500,100/11-22-055-19W5/00,1987-02-07,1971.0,1975.0,CARDIUM SD,JET PERFORATION
100112205519W500,100/11-22-055-19W5/00,1987-02-07,1971.0,1975.0,CARDIUM SD,ACID SQUEEZE - PRESS USED
100112205519W500,100/11-22-055-19W5/00,1987-02-09,1971.0,1975.0,CARDIUM SD,FRACTURED
100112205519W500,100/11-22-055-19W5/00,1989-11-08,1971.0,1975.0,CARDIUM SD,CEMENT SQUEEZE
100112205519W500,100/11-22-055-19W5/00,1989-11-12,2678.0,2683.0,MANNVILLE GRP,BRIDGE PLUG CAPPED W/CEMENT
100112205519W500,100/11-22-055-19W5/00,1989-11-14,2617.5,2623.5,MANNVILLE GRP,JET PERFORATION
100112205519W500,100/11-22-055-19W5/00,1989-11-14,2627.0,2628.5,MANNVILLE GRP,JET PERFORATION
100112205519W500,100/11-22-055-19W5/00,1989-11-18,2617.5,2628.5,MANNVILLE GRP,FRACTURED
100112205519W500,100/11-22-055-19W5/00,1999-12-14,1971.0,1975.0,CARDIUM SD,JET PERFORATION
100112205519W500,100/11-22-055-19W5/00,1999-12-14,2610.0,0.0,MANNVILLE GRP,PACKER
100112305620W500,100/11-23-056-20W5/00,1987-09-29,2109.5,2114.0,CARDIUM SD,JET PERFORATION
100112305620W500,100/11-23-056-20W5/00,1987-10-01,2109.5,2114.0,CARDIUM SD,FRACTURED
100112305620W500,100/11-23-056-20W5/00,2001-08-21,2095.0,2097.0,CARDIUM SD,JET PERFORATION
100112305620W500,100/11-23-056-20W5/00,2001-08-22,2095.0,2097.0,CARDIUM SD,FRACTURED
100113105619W502,100/11-31-056-19W5/02,1981-01-23,2174.8,2178.5,CARDIUM SD,JET PERFORATION
100113105619W502,100/11-31-056-19W5/02,1981-01-23,2184.0,2185.2,CARDIUM SD,JET PERFORATION
100113105619W502,100/11-31-056-19W5/02,1981-01-26,2174.8,2185.2,CARDIUM SD,FRACTURED
100113105619W502,100/11-31-056-19W5/02,1981-01-30,2157.5,2160.0,CARDIUM SD,JET PERFORATION
100113105619W502,100/11-31-056-19W5/02,1981-02-03,2157.5,2160.0,CARDIUM SD,FRACTURED
100120106519W502,100/12-01-065-19W5/02,1963-10-08,2968.8,2971.5,SWAN HILLS MBR,JET PERFORATION
100120106519W502,100/12-01-065-19W5/02,1963-10-08,2968.8,2975.8,SWAN HILLS MBR,ACID SQUEEZE - PRESS USED
100120106519W502,100/12-01-065-19W5/02,1963-10-08,2973.0,2975.8,SWAN HILLS MBR,JET PERFORATION
100120106519W502,100/12-01-065-19W5/02,1963-10-09,2968.8,2975.8,SWAN HILLS MBR,ACID SQUEEZE - PRESS USED
100120106519W502,100/12-01-065-19W5/02,1963-10-24,2968.8,2975.8,SWAN HILLS MBR,ACID SQUEEZE - PRESS USED
100120106519W502,100/12-01-065-19W5/02,1964-03-05,2968.8,2975.8,SWAN HILLS MBR,ACID SQUEEZE - PRESS USED
100120106519W502,100/12-01-065-19W5/02,1970-02-09,1466.1,1477.7,MANNVILLE GRP,BRIDGE PLUG CAPPED W/CEMENT
100120106519W502,100/12-01-065-19W5/02,1970-02-10,1424.0,1431.6,VIKING SANDSTONE,ACID SQUEEZE - PRESS USED
100120106519W502,100/12-01-065-19W5/02,1970-02-10,1424.0,1428.6,VIKING SANDSTONE,JET PERFORATION
100120106519W502,100/12-01-065-19W5/02,1970-02-10,1430.4,1431.6,MANNVILLE GRP,JET PERFORATION
100120106519W502,100/12-01-065-19W5/02,1970-02-12,1424.0,1431.6,VIKING SANDSTONE,ACID SQUEEZE - PRESS USED
100120106519W502,100/12-01-065-19W5/02,1970-02-19,1449.0,1449.6,MANNVILLE GRP,JET PERFORATION
100120106519W502,100/12-01-065-19W5/02,1970-02-21,1424.0,1428.6,VIKING SANDSTONE,CEMENT SQUEEZE
100120106519W502,100/12-01-065-19W5/02,1970-02-21,1449.0,1449.6,MANNVILLE GRP,CEMENT SQUEEZE
100120106519W502,100/12-01-065-19W5/02,1970-03-01,1428.0,1430.1,MANNVILLE GRP,ACID SQUEEZE - PRESS USED
100120106519W502,100/12-01-065-19W5/02,1970-03-01,1428.0,1430.1,MANNVILLE GRP,JET PERFORATION
100120106519W502,100/12-01-065-19W5/02,1970-05-08,1430.4,1431.6,MANNVILLE GRP,ACID SQUEEZE - PRESS USED
100120205619W500,100/12-02-056-19W5/00,1980-08-30,1974.2,1977.0,CARDIUM SD,JET PERFORATION
100120205619W500,100/12-02-056-19W5/00,1980-08-30,1984.8,1985.6,CARDIUM SD,JET PERFORATION
100120205619W500,100/12-02-056-19W5/00,1980-09-01,1974.2,1985.6,CARDIUM SD,FRACTURED
100120205619W500,100/12-02-056-19W5/00,1980-09-06,2164.0,2180.0,SECOND WHITE SPECKS,JET PERFORATION
100120205619W500,100/12-02-056-19W5/00,1980-09-10,2164.0,2180.0,SECOND WHITE SPECKS,ACID SQUEEZE - PRESS USED
100120205619W500,100/12-02-056-19W5/00,1980-09-16,1974.2,1985.6,CARDIUM SD,ACID SQUEEZE - PRESS USED
100120205619W500,100/12-02-056-19W5/00,2004-09-24,2156.1,0.0,SECOND WHITE SPECKS,PACKER
100120205619W502,100/12-02-056-19W5/02,1980-08-30,1974.2,1977.0,CARDIUM SD,JET PERFORATION
100120205619W502,100/12-02-056-19W5/02,1980-08-30,1984.8,1985.6,CARDIUM SD,JET PERFORATION
100120205619W502,100/12-02-056-19W5/02,1980-09-01,1974.2,1985.6,CARDIUM SD,FRACTURED
100120205619W502,100/12-02-056-19W5/02,1980-09-06,2164.0,2180.0,SECOND WHITE SPECKS,JET PERFORATION
100120205619W502,100/12-02-056-19W5/02,1980-09-10,2164.0,2180.0,SECOND WHITE SPECKS,ACID SQUEEZE - PRESS USED
100120205619W502,100/12-02-056-19W5/02,1980-09-16,1974.2,1985.6,CARDIUM SD,ACID SQUEEZE - PRESS USED
100120205619W502,100/12-02-056-19W5/02,2004-09-24,2156.1,0.0,SECOND WHITE SPECKS,PACKER
100120605319W500,100/12-06-053-19W5/00,2007-09-16,2305.5,2310.5,CARDIUM SD,JET PERFORATION
100120605319W500,100/12-06-053-19W5/00,2007-09-16,2320.0,2325.0,CARDIUM SD,JET PERFORATION
100120605319W500,100/12-06-053-19W5/00,2007-09-17,2305.5,2310.5,CARDIUM SD,FRACTURED
100120605319W500,100/12-06-053-19W5/00,2007-09-17,2320.0,2325.0,CARDIUM SD,FRACTURED
100120905518W500,100/12-09-055-18W5/00,1978-02-23,1869.3,1879.4,CARDIUM FM,JET PERFORATION
100120905518W500,100/12-09-055-18W5/00,1978-02-23,1869.3,1883.1,CARDIUM FM,ACID SQUEEZE - PRESS USED
100120905518W500,100/12-09-055-18W5/00,1978-02-23,1881.2,1883.1,CARDIUM SD,JET PERFORATION
100120905518W500,100/12-09-055-18W5/00,1985-10-09,1901.4,1904.4,CARDIUM SD,JET PERFORATION
100120905518W500,100/12-09-055-18W5/00,1985-10-10,1901.4,1904.4,CARDIUM SD,FRACTURED
100121905518W500,100/12-19-055-18W5/00,1981-09-19,1927.0,1928.0,CARDIUM SD,JET PERFORATION
100121905518W500,100/12-19-055-18W5/00,1981-09-19,1945.0,1946.0,CARDIUM SD,JET PERFORATION
100121905518W500,100/12-19-055-18W5/00,1981-09-19,1952.5,1955.0,CARDIUM SD,JET PERFORATION
100121905518W500,100/12-19-055-18W5/00,1981-09-23,1927.0,1955.0,CARDIUM SD,FRACTURED
100121906419W500,100/12-19-064-19W5/00,1993-06-18,1786.0,0.0,GETHING FM,HISTORICAL
100121906419W500,100/12-19-064-19W5/00,1993-08-13,1745.5,1750.0,GETHING FM,JET PERFORATION
100121906419W500,100/12-19-064-19W5/00,1993-08-13,1757.5,1759.5,GETHING FM,JET PERFORATION
100121906419W500,100/12-19-064-19W5/00,1993-08-16,1745.5,1759.5,GETHING FM,FRACTURED
100121906419W500,100/12-19-064-19W5/00,1993-08-31,1732.0,1740.0,GETHING FM,BRIDGE PLUG CAPPED W/CEMENT
100121906419W500,100/12-19-064-19W5/00,1994-08-24,1467.5,1475.0,MANNVILLE GRP,JET PERFORATION
100121906419W500,100/12-19-064-19W5/00,1994-08-24,1479.5,1480.5,MANNVILLE GRP,JET PERFORATION
100121906419W500,100/12-19-064-19W5/00,1994-08-24,1482.0,1486.5,MANNVILLE GRP,JET PERFORATION
100122105519W500,100/12-21-055-19W5/00,1998-08-20,2703.0,2705.0,,JET PERFORATION
100122105519W500,100/12-21-055-19W5/00,1998-08-21,2703.0,2705.0,,ACID SQUEEZE - PRESS USED
100122105519W500,100/12-21-055-19W5/00,1998-08-23,2686.0,2694.0,,BRIDGE PLUG CAPPED W/CEMENT
100122105519W500,100/12-21-055-19W5/00,1998-08-26,2195.0,2210.0,,JET PERFORATION
100122105519W500,100/12-21-055-19W5/00,1998-08-30,1999.5,2000.5,,JET PERFORATION
100122105519W500,100/12-21-055-19W5/00,1998-09-01,2040.0,0.0,,CEMENT RETAINER
100122105519W500,100/12-21-055-19W5/00,1998-09-01,2044.0,2046.0,,JET PERFORATION
100122105519W500,100/12-21-055-19W5/00,1998-09-01,2182.0,2190.0,,BRIDGE PLUG CAPPED W/CEMENT
100122105519W500,100/12-21-055-19W5/00,1998-09-02,1999.5,2046.0,,REMEDIAL CASING
100122105519W500,100/12-21-055-19W5/00,1998-09-08,1989.0,1994.0,,JET PERFORATION
100122105519W500,100/12-21-055-19W5/00,1998-09-10,1989.0,1994.0,,FRACTURED
100122306419W500,100/12-23-064-19W5/00,1958-10-11,2464.3,2471.9,WINTERBURN GRP,ACID SQUEEZE - PRESS USED
100122306419W500,100/12-23-064-19W5/00,1958-10-11,2464.3,2471.9,WINTERBURN GRP,JET PERFORATION
100122306419W500,100/12-23-064-19W5/00,1958-10-15,2464.3,2471.9,WINTERBURN GRP,CEMENT SQUEEZE
100122306419W500,100/12-23-064-19W5/00,1958-10-17,2959.6,2960.2,SWAN HILLS MBR,JET PERFORATION
100122306419W500,100/12-23-064-19W5/00,1958-10-17,2966.0,2966.6,SWAN HILLS MBR,JET PERFORATION
100122306419W500,100/12-23-064-19W5/00,1958-10-17,2968.4,2970.3,SWAN HILLS MBR,JET PERFORATION
100122306419W500,100/12-23-064-19W5/00,1958-10-17,2971.8,2972.4,SWAN HILLS MBR,JET PERFORATION
100122306419W500,100/12-23-064-19W5/00,1958-10-18,2959.6,2972.4,SWAN HILLS MBR,ACID SQUEEZE - PRESS USED
100122306419W500,100/12-23-064-19W5/00,1958-10-21,2438.4,2992.2,WABAMUN GRP,CEMENT PLUG
100122306419W500,100/12-23-064-19W5/00,1961-12-04,1413.7,1417.3,BLAIRMORE GRP,JET PERFORATION
100123005518W500,100/12-30-055-18W5/00,1981-09-28,1936.0,1937.0,CARDIUM SD,JET PERFORATION
100123005518W500,100/12-30-055-18W5/00,1981-09-28,1957.0,1959.5,CARDIUM SD,JET PERFORATION
100123005518W500,100/12-30-055-18W5/00,1981-09-29,1936.0,1959.5,CARDIUM SD,CHEMICAL SQUEEZE
100131405720W500,100/13-14-057-20W5/00,2010-01-29,3350.0,3352.0,,OPEN-HOLE COMPLETION
100131405720W500,100/13-14-057-20W5/00,2010-02-08,2394.8,2395.0,,FRACTURED
100131405720W500,100/13-14-057-20W5/00,2010-02-08,2496.2,2496.4,,FRACTURED
100131405720W500,100/13-14-057-20W5/00,2010-02-08,2594.5,2594.7,,FRACTURED
100131405720W500,100/13-14-057-20W5/00,2010-02-08,2696.7,2696.9,,FRACTURED
100131405720W500,100/13-14-057-20W5/00,2010-02-08,2907.1,2907.3,,FRACTURED
100131405720W500,100/13-14-057-20W5/00,2010-02-08,3020.1,3020.3,,FRACTURED
100131405720W500,100/13-14-057-20W5/00,2010-02-08,3134.8,3135.0,,FRACTURED
100131405720W500,100/13-14-057-20W5/00,2010-02-08,3248.7,3248.9,,FRACTURED
100131405720W500,100/13-14-057-20W5/00,2010-02-08,3336.3,3336.5,,FRACTURED
100132205720W500,100/13-22-057-20W5/00,2009-11-03,2084.69,2084.8,,FRACTURED
100132205720W500,100/13-22-057-20W5/00,2009-11-03,2196.4,2196.5,,FRACTURED
100132205720W500,100/13-22-057-20W5/00,2009-11-03,2282.0,2282.1,,FRACTURED
100132205720W500,100/13-22-057-20W5/00,2009-11-03,2327.4,2327.5,,FRACTURED
100132205720W500,100/13-22-057-20W5/00,2009-11-03,2452.5,2452.6,,FRACTURED
100133305418W500,100/13-33-054-18W5/00,1980-02-28,1871.0,1875.0,CARDIUM SD,JET PERFORATION
100133305418W500,100/13-33-054-18W5/00,1980-02-28,1882.5,1884.5,CARDIUM SD,JET PERFORATION
100133305418W500,100/13-33-054-18W5/00,1980-03-02,1871.0,1884.5,CARDIUM SD,FRACTURED
100133305418W500,100/13-33-054-18W5/00,1980-03-05,1853.0,1855.0,CARDIUM FM,JET PERFORATION
100133305418W500,100/13-33-054-18W5/00,1980-03-07,1853.0,1855.0,CARDIUM FM,FRACTURED
100133305720W500,100/13-33-057-20W5/00,2010-06-16,2000.0,2000.2,,ABRASA-JET PERFORATION
100133305720W500,100/13-33-057-20W5/00,2010-06-16,2200.0,2200.2,,ABRASA-JET PERFORATION
100133305720W500,100/13-33-057-20W5/00,2010-06-16,2620.0,2620.2,,ABRASA-JET PERFORATION
100133305720W500,100/13-33-057-20W5/00,2010-06-16,2835.0,2835.2,,ABRASA-JET PERFORATION
100133305720W500,100/13-33-057-20W5/00,2010-06-16,2840.0,2840.2,,ABRASA-JET PERFORATION
100133305720W500,100/13-33-057-20W5/00,2010-06-16,2940.0,2940.2,,ABRASA-JET PERFORATION
100133305720W500,100/13-33-057-20W5/00,2010-06-16,3022.0,3022.2,,ABRASA-JET PERFORATION
100133305720W500,100/13-33-057-20W5/00,2010-06-17,2000.0,3022.2,,FRACTURED
100133405818W500,100/13-34-058-18W5/00,2003-03-15,2401.3,0.0,GETHING FM,PACKER
100133405818W500,100/13-34-058-18W5/00,2003-03-15,2407.5,2410.0,GETHING FM,JET PERFORATION
100133405818W500,100/13-34-058-18W5/00,2003-03-15,2410.5,2413.0,GETHING FM,JET PERFORATION
100133405818W500,100/13-34-058-18W5/00,2003-03-15,2415.0,2417.5,GETHING FM,JET PERFORATION
100133405818W500,100/13-34-058-18W5/00,2003-03-15,2418.5,2419.5,GETHING FM,JET PERFORATION
100133405818W500,100/13-34-058-18W5/00,2003-03-15,2423.5,2424.5,GETHING FM,JET PERFORATION
100133405818W500,100/13-34-058-18W5/00,2003-03-16,2407.5,2410.0,GETHING FM,FRACTURED
100133405818W500,100/13-34-058-18W5/00,2003-03-16,2410.5,2413.0,GETHING FM,FRACTURED
100133405818W500,100/13-34-058-18W5/00,2003-03-16,2415.0,2417.5,GETHING FM,FRACTURED
100133405818W500,100/13-34-058-18W5/00,2003-03-16,2418.5,2419.5,GETHING FM,FRACTURED
100133405818W500,100/13-34-058-18W5/00,2003-03-16,2423.5,2424.5,GETHING FM,FRACTURED
100133405818W500,100/13-34-058-18W5/00,2003-03-21,2386.0,2389.5,GETHING FM,JET PERFORATION
100133405818W500,100/13-34-058-18W5/00,2003-03-21,2391.0,2394.0,GETHING FM,JET PERFORATION
100133405818W500,100/13-34-058-18W5/00,2003-03-23,2386.0,2389.5,GETHING FM,FRACTURED
100133405818W500,100/13-34-058-18W5/00,2003-03-23,2391.0,2394.0,GETHING FM,FRACTURED
100133405818W502,100/13-34-058-18W5/02,2003-03-15,2401.3,0.0,GETHING FM,PACKER
100133405818W502,100/13-34-058-18W5/02,2003-03-15,2407.5,2410.0,GETHING FM,JET PERFORATION
100133405818W502,100/13-34-058-18W5/02,2003-03-15,2410.5,2413.0,GETHING FM,JET PERFORATION
100133405818W502,100/13-34-058-18W5/02,2003-03-15,2415.0,2417.5,GETHING FM,JET PERFORATION
100133405818W502,100/13-34-058-18W5/02,2003-03-15,2418.5,2419.5,GETHING FM,JET PERFORATION
100133405818W502,100/13-34-058-18W5/02,2003-03-15,2423.5,2424.5,GETHING FM,JET PERFORATION
100133405818W502,100/13-34-058-18W5/02,2003-03-16,2407.5,2410.0,GETHING FM,FRACTURED
100133405818W502,100/13-34-058-18W5/02,2003-03-16,2410.5,2413.0,GETHING FM,FRACTURED
100133405818W502,100/13-34-058-18W5/02,2003-03-16,2415.0,2417.5,GETHING FM,FRACTURED
100133405818W502,100/13-34-058-18W5/02,2003-03-16,2418.5,2419.5,GETHING FM,FRACTURED
100133405818W502,100/13-34-058-18W5/02,2003-03-16,2423.5,2424.5,GETHING FM,FRACTURED
100133405818W502,100/13-34-058-18W5/02,2003-03-21,2386.0,2389.5,GETHING FM,JET PERFORATION
100133405818W502,100/13-34-058-18W5/02,2003-03-21,2391.0,2394.0,GETHING FM,JET PERFORATION
100133405818W502,100/13-34-058-18W5/02,2003-03-23,2386.0,2389.5,GETHING FM,FRACTURED
100133405818W502,100/13-34-058-18W5/02,2003-03-23,2391.0,2394.0,GETHING FM,FRACTURED
100140405518W500,100/14-04-055-18W5/00,1979-08-20,1879.0,1882.0,CARDIUM SD,JET PERFORATION
100140405518W500,100/14-04-055-18W5/00,1979-08-20,1884.0,1886.0,CARDIUM SD,JET PERFORATION
100140405518W500,100/14-04-055-18W5/00,1979-08-20,1888.0,1890.0,CARDIUM SD,JET PERFORATION
100140405518W500,100/14-04-055-18W5/00,1979-12-09,1857.0,1860.0,CARDIUM SD,JET PERFORATION
100140405518W500,100/14-04-055-18W5/00,1979-12-17,1857.0,1860.0,CARDIUM SD,FRACTURED
100140406021W502,100/14-04-060-21W5/02,2005-08-09,2486.0,2492.0,CADOMIN FM,JET PERFORATION
100140406021W502,100/14-04-060-21W5/02,2005-08-10,2486.0,2492.0,CADOMIN FM,FRACTURED
100140406021W502,100/14-04-060-21W5/02,2005-08-18,2451.0,2457.0,GETHING FM,JET PERFORATION
100140406021W502,100/14-04-060-21W5/02,2005-08-18,2475.0,2478.0,GETHING FM,BRIDGE PLUG CAPPED W/CEMENT
100140406021W502,100/14-04-060-21W5/02,2005-08-22,2451.0,2457.0,GETHING FM,FRACTURED
100140706022W500,100/14-07-060-22W5/00,1980-08-22,1819.5,1827.0,CARDIUM SD,JET PERFORATION
100140706022W500,100/14-07-060-22W5/00,1980-08-23,1819.5,1827.0,CARDIUM SD,ACID SQUEEZE - PRESS USED
100140706022W500,100/14-07-060-22W5/00,1980-08-26,1819.5,1827.0,CARDIUM SD,FRACTURED
100140805518W500,100/14-08-055-18W5/00,1979-07-30,1894.0,1897.5,CARDIUM SD,JET PERFORATION
100140805518W500,100/14-08-055-18W5/00,1979-07-30,1901.0,1905.0,CARDIUM SD,JET PERFORATION
100140805518W500,100/14-08-055-18W5/00,1979-08-23,1874.5,1879.5,CARDIUM FM,JET PERFORATION
100140805518W500,100/14-08-055-18W5/00,1979-08-24,1874.5,1879.5,CARDIUM FM,FRACTURED
100140805518W500,100/14-08-055-18W5/00,1981-06-19,1874.5,1905.0,CARDIUM FM,FRACTURED
100142705620W502,100/14-27-056-20W5/02,1985-09-10,2243.0,2249.5,SECOND WHITE SPECKS,JET PERFORATION
100142705620W502,100/14-27-056-20W5/02,1985-09-10,2251.0,2253.0,SECOND WHITE SPECKS,JET PERFORATION
100142705620W502,100/14-27-056-20W5/02,1985-09-12,2243.0,2253.0,SECOND WHITE SPECKS,ACID SQUEEZE - PRESS USED
100142705620W502,100/14-27-056-20W5/02,1985-09-13,2218.0,2235.0,SECOND WHITE SPECKS,JET PERFORATION
100142705620W502,100/14-27-056-20W5/02,1985-09-16,2218.0,2253.0,SECOND WHITE SPECKS,ACID SQUEEZE - PRESS USED
100142705620W502,100/14-27-056-20W5/02,1985-09-17,2203.0,2215.0,SECOND WHITE SPECKS,JET PERFORATION
100142705620W502,100/14-27-056-20W5/02,1985-09-17,2203.0,2253.0,SECOND WHITE SPECKS,ACID SQUEEZE - PRESS USED
100142705620W502,100/14-27-056-20W5/02,1985-09-23,2203.0,2253.0,SECOND WHITE SPECKS,ACID SQUEEZE - PRESS USED
100142705620W502,100/14-27-056-20W5/02,1986-11-04,2042.0,2050.0,KASKAPAU FM,BRIDGE PLUG CAPPED W/CEMENT
100142705620W502,100/14-27-056-20W5/02,1986-11-04,2192.0,2200.0,SECOND WHITE SPECKS,BRIDGE PLUG CAPPED W/CEMENT
100142705620W502,100/14-27-056-20W5/02,1986-11-05,1957.5,0.0,BADHEART FM,HISTORICAL
100142705620W502,100/14-27-056-20W5/02,1986-11-06,1996.0,1998.0,CARDIUM SD,JET PERFORATION
100142705620W502,100/14-27-056-20W5/02,1986-11-06,1996.0,2014.5,CARDIUM SD,FRACTURED
100142705620W502,100/14-27-056-20W5/02,1986-11-06,2012.5,2014.5,CARDIUM SD,JET PERFORATION
100143205514W500,100/14-32-055-14W5/00,1992-01-16,2112.0,2171.0,MANNVILLE GRP,SLOTTED LINER OR CASING
100143205514W500,100/14-32-055-14W5/00,2001-03-03,2129.5,2133.5,MANNVILLE GRP,JET PERFORATION
100151206023W500,100/15-12-060-23W5/00,2009-08-13,2436.0,2438.0,CARDIUM SD,OPEN-HOLE COMPLETION
100151206023W500,100/15-12-060-23W5/00,2009-08-26,2027.7,2027.8,CARDIUM SD,FRACTURED
100151206023W500,100/15-12-060-23W5/00,2009-08-26,2143.5,2143.6,CARDIUM SD,FRACTURED
100151206023W500,100/15-12-060-23W5/00,2009-08-26,2246.3,2246.4,CARDIUM SD,FRACTURED
100151206023W500,100/15-12-060-23W5/00,2009-08-26,2349.5,2349.6,CARDIUM SD,FRACTURED
100151206023W500,100/15-12-060-23W5/00,2009-08-26,2422.3,2422.4,CARDIUM SD,FRACTURED
100152105619W502,100/15-21-056-19W5/02,1999-09-21,600.0,601.0,,REMEDIAL CASING
100152105619W502,100/15-21-056-19W5/02,1999-09-21,600.0,601.0,,JET PERFORATION
100152105619W502,100/15-21-056-19W5/02,1999-09-24,2167.69,2170.8,,JET PERFORATION
100152105619W502,100/15-21-056-19W5/02,1999-09-24,2185.4,2187.2,,JET PERFORATION
100152105619W502,100/15-21-056-19W5/02,1999-09-24,2190.3,2192.1,,JET PERFORATION
100152105619W502,100/15-21-056-19W5/02,1999-11-20,2185.4,2187.8,,JET PERFORATION
100152105619W502,100/15-21-056-19W5/02,1999-11-20,2190.3,2192.1,,JET PERFORATION
100152105619W502,100/15-21-056-19W5/02,1999-11-22,2185.4,2192.1,,FRACTURED
100152205216W500,100/15-22-052-16W5/00,1973-02-11,1899.5,1903.8,CARDIUM SD,JET PERFORATION
100152205216W500,100/15-22-052-16W5/00,1973-02-12,1899.5,1903.8,CARDIUM SD,ACID SQUEEZE - PRESS USED
100152205216W500,100/15-22-052-16W5/00,1973-02-14,1899.5,1903.8,CARDIUM SD,FRACTURED
100152805418W500,100/15-28-054-18W5/00,1981-05-22,1864.5,1867.0,CARDIUM SD,JET PERFORATION
100152805418W500,100/15-28-054-18W5/00,1981-05-26,1864.5,1867.0,CARDIUM SD,FRACTURED
100152805418W500,100/15-28-054-18W5/00,1981-07-20,1843.0,1845.5,CARDIUM SD,JET PERFORATION
100152805418W500,100/15-28-054-18W5/00,1981-07-21,1843.0,1845.5,CARDIUM SD,FRACTURED
100152805418W500,100/15-28-054-18W5/00,1981-07-21,1843.0,1845.5,CARDIUM SD,ACID SQUEEZE - PRESS USED
100153205418W500,100/15-32-054-18W5/00,1981-09-24,1878.5,1881.0,CARDIUM SD,JET PERFORATION
100153205418W500,100/15-32-054-18W5/00,1981-09-25,1878.5,1881.0,CARDIUM SD,ACID SQUEEZE - PRESS USED
100153205418W500,100/15-32-054-18W5/00,1981-09-26,1878.5,1881.0,CARDIUM SD,FRACTURED
100153205418W500,100/15-32-054-18W5/00,1981-09-28,1858.5,1860.5,CARDIUM SD,JET PERFORATION
100153205418W500,100/15-32-054-18W5/00,1981-09-29,1858.5,1860.5,CARDIUM SD,FRACTURED
100153305720W500,100/15-33-057-20W5/00,2010-03-06,2076.0,2955.0,,OPEN-HOLE COMPLETION
100153305720W500,100/15-33-057-20W5/00,2010-06-19,2520.0,2520.2,,ABRASA-JET PERFORATION
100153305720W500,100/15-33-057-20W5/00,2010-06-19,2647.0,2647.2,,ABRASA-JET PERFORATION
100153305720W500,100/15-33-057-20W5/00,2010-06-19,2790.0,2790.2,,ABRASA-JET PERFORATION
100153305720W500,100/15-33-057-20W5/00,2010-06-20,1951.0,1951.2,,ABRASA-JET PERFORATION
100153305720W500,100/15-33-057-20W5/00,2010-06-20,1951.0,2790.2,,FRACTURED
100153305720W500,100/15-33-057-20W5/00,2010-06-20,2145.0,2145.19,,ABRASA-JET PERFORATION
100153305720W500,100/15-33-057-20W5/00,2010-06-20,2450.0,2450.2,,ABRASA-JET PERFORATION
100160505518W500,100/16-05-055-18W5/00,1980-08-21,1888.0,1891.0,CARDIUM SD,JET PERFORATION
100160505518W500,100/16-05-055-18W5/00,1980-08-21,1895.0,1898.0,CARDIUM SD,JET PERFORATION
100160505518W500,100/16-05-055-18W5/00,1980-08-23,1888.0,1898.0,CARDIUM SD,FRACTURED
100160505518W500,100/16-05-055-18W5/00,1980-08-29,1868.0,1872.0,CARDIUM SD,JET PERFORATION
100160505518W500,100/16-05-055-18W5/00,1980-08-31,1868.0,1872.0,CARDIUM SD,FRACTURED
100160505518W500,100/16-05-055-18W5/00,2003-11-05,1868.0,1872.0,CARDIUM SD,JET PERFORATION
100161605619W500,100/16-16-056-19W5/00,1975-08-17,2164.1,2165.0,SECOND WHITE SPECKS,JET PERFORATION
100161605619W500,100/16-16-056-19W5/00,1975-08-17,2284.5,2285.4,SECOND WHITE SPECKS,JET PERFORATION
100161605619W500,100/16-16-056-19W5/00,1975-08-19,2164.1,2165.0,SECOND WHITE SPECKS,CEMENT SQUEEZE
100161605619W500,100/16-16-056-19W5/00,1975-08-19,2281.4,2301.2,SECOND WHITE SPECKS,CEMENT PLUG
100161605619W500,100/16-16-056-19W5/00,1975-08-21,2252.5,2267.7,SECOND WHITE SPECKS,JET PERFORATION
100161605619W500,100/16-16-056-19W5/00,1975-08-22,2252.5,2267.7,SECOND WHITE SPECKS,ACID WASH - NO PRESSURE
100161605619W500,100/16-16-056-19W5/00,1975-08-23,2252.5,2267.7,SECOND WHITE SPECKS,ACID SQUEEZE - PRESS USED
100161805518W500,100/16-18-055-18W5/00,1978-12-02,2138.0,2147.0,SECOND WHITE SPECKS,JET PERFORATION
100161805518W500,100/16-18-055-18W5/00,1978-12-02,2167.0,2173.0,SECOND WHITE SPECKS,JET PERFORATION
100161805518W500,100/16-18-055-18W5/00,1978-12-05,2138.0,2173.0,SECOND WHITE SPECKS,ACID SQUEEZE - PRESS USED
100161805518W500,100/16-18-055-18W5/00,1978-12-07,2122.0,2130.0,SECOND WHITE SPECKS,BRIDGE PLUG CAPPED W/CEMENT
100161805518W500,100/16-18-055-18W5/00,1978-12-12,1929.3,1930.5,CARDIUM SD,FRACTURED
100161805518W500,100/16-18-055-18W5/00,1978-12-12,1929.3,1930.5,CARDIUM SD,JET PERFORATION
100161805518W500,100/16-18-055-18W5/00,1980-09-26,1946.5,1949.5,CARDIUM SD,JET PERFORATION
100161805518W500,100/16-18-055-18W5/00,1980-09-26,1952.0,1953.0,CARDIUM SD,JET PERFORATION
100161805518W500,100/16-18-055-18W5/00,1980-09-26,1955.5,1956.5,CARDIUM SD,JET PERFORATION
100161805518W500,100/16-18-055-18W5/00,1980-10-03,1946.5,1956.5,CARDIUM SD,FRACTURED
100161805518W500,100/16-18-055-18W5/00,2003-11-10,1929.3,1930.5,CARDIUM SD,JET PERFORATION
100161905320W500,100/16-19-053-20W5/00,2007-02-22,2294.0,2300.0,CARDIUM SD,JET PERFORATION
100161905320W500,100/16-19-053-20W5/00,2007-02-24,2294.0,2300.0,CARDIUM SD,FRACTURED
100162205418W502,100/16-22-054-18W5/02,2000-03-12,1867.0,1869.0,,JET PERFORATION
100162205418W502,100/16-22-054-18W5/02,2000-03-17,2461.5,2464.5,,JET PERFORATION
100162205418W502,100/16-22-054-18W5/02,2000-03-17,2516.5,2521.0,,JET PERFORATION
100162205418W502,100/16-22-054-18W5/02,2000-03-18,2557.0,2564.0,,JET PERFORATION
100162205418W502,100/16-22-054-18W5/02,2000-03-19,2555.0,2564.0,,JET PERFORATION
100162205418W502,100/16-22-054-18W5/02,2000-03-22,2555.0,2564.0,,FRACTURED
100162205418W502,100/16-22-054-18W5/02,2000-12-15,2542.0,2550.0,,BRIDGE PLUG CAPPED W/CEMENT
100162205418W502,100/16-22-054-18W5/02,2000-12-17,2500.7,2508.7,,BRIDGE PLUG CAPPED W/CEMENT
100162205418W502,100/16-22-054-18W5/02,2000-12-19,1846.0,1848.0,,JET PERFORATION
100162205418W502,100/16-22-054-18W5/02,2000-12-19,1867.0,1869.0,,JET PERFORATION
100163105619W502,100/16-31-056-19W5/02,1996-01-25,2922.0,2929.7,NORDEGG MBR,JET PERFORATION
100163105619W502,100/16-31-056-19W5/02,1996-01-30,2916.2,0.0,NORDEGG MBR,HISTORICAL
100163105619W502,100/16-31-056-19W5/02,1996-02-04,2922.0,2929.7,NORDEGG MBR,FRACTURED
100163105619W502,100/16-31-056-19W5/02,1996-02-19,2904.0,2911.0,NORDEGG MBR,JET PERFORATION
100163105619W502,100/16-31-056-19W5/02,1996-02-25,2904.0,2911.0,NORDEGG MBR,ACID SQUEEZE - PRESS USED
100163105619W502,100/16-31-056-19W5/02,1999-11-17,2892.0,2900.0,FERNIE GRP,BRIDGE PLUG CAPPED W/CEMENT
100163105619W502,100/16-31-056-19W5/02,1999-11-17,2900.0,0.0,FERNIE GRP,BRIDGE PLUG
100163105619W502,100/16-31-056-19W5/02,1999-11-19,2852.0,2858.0,GETHING FM,JET PERFORATION
100163105619W502,100/16-31-056-19W5/02,1999-11-21,2348.0,2366.0,CARDIUM SD,JET PERFORATION
100163105619W502,100/16-31-056-19W5/02,1999-11-21,2840.0,2848.0,GETHING FM,BRIDGE PLUG CAPPED W/CEMENT
100163105619W502,100/16-31-056-19W5/02,1999-11-21,2848.0,0.0,GETHING FM,BRIDGE PLUG
100163105619W502,100/16-31-056-19W5/02,1999-11-23,2142.5,2146.5,LEA PARK FM,JET PERFORATION
100163105619W502,100/16-31-056-19W5/02,1999-11-23,2161.0,2164.0,CARDIUM SD,JET PERFORATION
100163105619W502,100/16-31-056-19W5/02,1999-11-23,2336.0,2344.0,CARDIUM SD,BRIDGE PLUG CAPPED W/CEMENT
100163105619W502,100/16-31-056-19W5/02,1999-11-23,2344.0,0.0,CARDIUM SD,BRIDGE PLUG
100163105619W502,100/16-31-056-19W5/02,1999-12-02,2142.5,2164.0,LEA PARK FM,FRACTURED
102011206420W500,102/01-12-064-20W5/00,2008-03-24,1511.5,1515.5,HARMON MBR,JET PERFORATION
102011206420W500,102/01-12-064-20W5/00,2008-03-29,1511.5,1515.5,HARMON MBR,ACID SQUEEZE - PRESS USED
102022006419W500,102/02-20-064-19W5/00,1996-08-14,1460.0,1473.0,,OPEN-HOLE COMPLETION
102062105217W500,102/06-21-052-17W5/00,1997-11-19,2583.0,2583.3,BLUESKY FM,JET PERFORATION
102062105217W500,102/06-21-052-17W5/00,1997-11-19,2597.0,2597.3,BLUESKY FM,JET PERFORATION
102062105217W500,102/06-21-052-17W5/00,1997-11-20,2583.0,2597.3,BLUESKY FM,ACID SQUEEZE - PRESS USED
102062105217W500,102/06-21-052-17W5/00,1997-11-20,2583.0,2597.3,BLUESKY FM,REMEDIAL CASING
102062105217W500,102/06-21-052-17W5/00,1997-11-25,2577.0,2580.0,BLUESKY FM,JET PERFORATION
102062105217W500,102/06-21-052-17W5/00,1997-11-26,2577.0,2580.0,BLUESKY FM,FRACTURED
102100205918W500,102/10-02-059-18W5/00,2002-11-20,2168.9,0.0,GETHING FM,PACKER
102100205918W500,102/10-02-059-18W5/00,2002-11-20,2183.0,2185.0,GETHING FM,JET PERFORATION
102100205918W500,102/10-02-059-18W5/00,2002-11-21,2183.0,2185.0,GETHING FM,FRACTURED
102100205918W500,102/10-02-059-18W5/00,2002-11-26,1929.5,1935.5,NOTIKEWIN MBR,JET PERFORATION
102100205918W500,102/10-02-059-18W5/00,2002-11-26,1937.0,1940.0,NOTIKEWIN MBR,JET PERFORATION
102100205918W500,102/10-02-059-18W5/00,2002-11-26,1941.0,1943.0,NOTIKEWIN MBR,JET PERFORATION
102100205918W500,102/10-02-059-18W5/00,2002-11-27,1929.5,1935.5,NOTIKEWIN MBR,FRACTURED
102100205918W500,102/10-02-059-18W5/00,2002-11-27,1937.0,1940.0,NOTIKEWIN MBR,FRACTURED
102100205918W500,102/10-02-059-18W5/00,2002-11-27,1941.0,1943.0,NOTIKEWIN MBR,FRACTURED
102100205918W502,102/10-02-059-18W5/02,2002-11-20,2168.9,0.0,GETHING FM,PACKER
102100205918W502,102/10-02-059-18W5/02,2002-11-20,2183.0,2185.0,GETHING FM,JET PERFORATION
102100205918W502,102/10-02-059-18W5/02,2002-11-21,2183.0,2185.0,GETHING FM,FRACTURED
102100205918W502,102/10-02-059-18W5/02,2002-11-26,1929.5,1935.5,NOTIKEWIN MBR,JET PERFORATION
102100205918W502,102/10-02-059-18W5/02,2002-11-26,1937.0,1940.0,NOTIKEWIN MBR,JET PERFORATION
102100205918W502,102/10-02-059-18W5/02,2002-11-26,1941.0,1943.0,NOTIKEWIN MBR,JET PERFORATION
102100205918W502,102/10-02-059-18W5/02,2002-11-27,1929.5,1935.5,NOTIKEWIN MBR,FRACTURED
102100205918W502,102/10-02-059-18W5/02,2002-11-27,1937.0,1940.0,NOTIKEWIN MBR,FRACTURED
102100205918W502,102/10-02-059-18W5/02,2002-11-27,1941.0,1943.0,NOTIKEWIN MBR,FRACTURED
102100705318W500,102/10-07-053-18W5/00,1991-09-22,2232.0,2247.0,SECOND WHITE SPECKS,JET PERFORATION
102100705318W500,102/10-07-053-18W5/00,1991-09-25,2232.0,2247.0,SECOND WHITE SPECKS,ACID SQUEEZE - PRESS USED
